src,dst,edge_betweenness,median_delay,pct_delayed,trip_volume
IND521225AAB,IND521301AAA,0.0009983508957382005,1.641402715,1.0,13
IND786001AAB,IND786184AAA,0.0009975572940722718,2.25,1.0,7
IND173025AAA,IND160002AAC,0.0009983508957382005,2.161991585,1.0,8
IND444203AAA,IND444005AAB,0.0009983508957382005,2.3692810455,1.0,5
IND733140AAA,IND733102AAA,0.0009983508957382005,2.0,1.0,6
IND788806AAA,IND788026AAC,0.0009983508957382005,3.7279411765,1.0,8
IND134102AAA,IND174103AAA,0.0009983508957382005,2.785714286,1.0,11
IND274304AAB,IND274301AAB,0.0009983508957382005,2.2647058825000004,1.0,8
IND608001AAA,IND609110AAA,0.0009975572940722718,2.733333333,1.0,7
IND341503AAB,IND341510AAB,0.0009975572940722718,2.1134615385,1.0,7
IND583119AAA,IND583101AAA,0.0009975572940722718,2.959230769,1.0,7
IND532440AAA,IND532001AAB,0.0009983508957382005,1.5549450545,1.0,11
IND688009AAA,IND686028AAB,0.0009975572940722718,2.25,1.0,8
IND742121AAA,IND742101AAC,0.000996763692406343,3.2,1.0,5
IND571124AAA,IND570020AAA,0.000996763692406343,3.5,1.0,7
IND403726AAA,IND581303AAA,0.000996763692406343,1.636363636,1.0,13
IND301001AAB,IND321001AAB,0.000996763692406343,1.7,1.0,8
IND563131AAB,IND563116AAA,0.000996763692406343,1.763888889,1.0,12
IND575004AAB,IND574117AAA,0.0009959700907404146,2.7592592595000003,1.0,5
IND741123AAB,IND741126AAB,0.0009959700907404146,2.473684211,1.0,11
IND731204AAB,IND731301AAA,0.0009983508957382005,2.428571429,1.0,11
IND723101AAA,IND723202AAA,0.0009983508957382005,1.714285714,1.0,13
IND211002AAB,IND211011AAA,0.0009983508957382005,4.625,1.0,7
IND384205AAA,IND384355AAB,0.0009983508957382005,1.7430555554999998,1.0,8
IND509103AAC,IND518002AAA,0.0009983508957382005,1.941520468,1.0,5
IND571301AAA,IND571111AAB,0.0009983508957382005,2.0,1.0,6
IND509358AAA,IND509324AAA,0.0009983508957382005,1.6228070175,1.0,7
IND632006AAA,IND632301AAA,0.0009983508957382005,2.4,1.0,10
IND303002AAA,IND302014AAA,0.0009983508957382005,1.727272727,1.0,7
IND515865AAB,IND515761AAA,0.0009983508957382005,1.6861538459999998,1.0,13
IND607106AAA,IND607801AAA,0.0009983508957382005,2.2,1.0,12
IND507303AAA,IND507002AAA,0.0009983508957382005,2.46875,1.0,11
IND845455AAB,IND842001AAA,0.0009983508957382005,2.166666667,1.0,11
IND462022AAA,IND465669AAB,0.0009983508957382005,2.0357142855,1.0,10
IND477001AAB,IND474003AAA,0.0009983508957382005,2.75,1.0,6
IND534001AAA,IND521333AAA,0.0009983508957382005,1.807692308,1.0,10
IND842003AAB,IND483501AAA,0.0009983508957382005,2.3208333335,1.0,8
IND474003AAA,IND476111AAA,0.0009983508957382005,2.588235294,1.0,6
IND580028AAA,IND590016AAA,0.0009983508957382005,1.875,1.0,7
IND174001AAA,IND175018AAA,0.0009983508957382005,2.5669515670000003,1.0,10
IND854326AAB,IND852131AAA,0.0009983508957382005,1.823529412,1.0,7
IND585401AAA,IND502286AAB,0.0009943828874085573,1.980769231,1.0,15
IND431515AAA,IND431517AAB,0.0009943828874085573,2.933333333,1.0,13
IND741156AAA,IND742102AAB,0.0009943828874085573,2.333333333,1.0,6
IND395023AAA,IND396191AAC,4.523529495793118e-05,1.8469785575,1.0,10
IND625008AAA,IND626123AAA,3.729927829864501e-05,2.0,1.0,12
IND624202AAA,IND625218AAA,2.0633643314144045e-05,1.52173913,1.0,8
IND416012AAA,IND415003AAA,2.0633643314144045e-05,1.8,1.0,8
IND621802AAA,IND608301AAA,1.9840041648215428e-05,2.555555556,1.0,9
IND342005AAD,IND342601AAA,1.9840041648215428e-05,2.0,1.0,6
IND626123AAA,IND627756AAA,1.9840041648215428e-05,1.5429975429999998,1.0,12
IND400072AAB,IND400015AAA,1.904643998228681e-05,2.933333333,1.0,37
IND625516AAA,IND685514AAA,1.904643998228681e-05,1.8125,1.0,5
IND574211AAA,IND574202AAA,1.8252838316358196e-05,2.473684211,1.0,5
IND144001AAC,IND000000ACA,1.745923665042958e-05,1.8125,1.0,9
IND362001AAA,IND360370AAA,1.666563498450096e-05,2.25,1.0,8
IND574227AAA,IND574104AAA,1.5872033318572344e-05,1.833333333,1.0,9
IND451666AAA,IND424006AAA,1.428482998671511e-05,2.444444444,1.0,7
IND302014AAB,IND302026AAA,1.3491228320786492e-05,1.846153846,1.0,13
IND000000AAS,IND783370AAC,1.2697626654857875e-05,1.8333333335,1.0,9
IND641607AAA,IND641654AAA,1.2697626654857875e-05,2.0,1.0,7
IND396321AAA,IND396001AAA,1.0316821657072023e-05,1.4,1.0,6
IND630561AAA,IND623407AAA,3.809287996457362e-05,1.833333333,1.0,11
IND485001AAC,IND471001AAA,4.8409701621645646e-05,2.117647059,1.0,7
IND603102AAA,IND600056AAB,0.0009920020824107714,1.88,1.0,12
IND202001AAB,IND205001AAB,4.999690495350288e-05,2.588235294,1.0,8
IND382715AAA,IND382430AAB,0.0009912084807448427,1.875598086,1.0,12
IND506143AAA,IND506167AAB,0.0009904148790789143,1.764705882,1.0,9
IND125001AAA,IND125047AAB,0.0009896212774129856,1.9423076925,1.0,6
IND421302AAG,IND400701AAB,0.0009896212774129856,2.2792207795,1.0,14
IND486771AAA,IND486661AAA,0.000986446870749271,1.6875,1.0,6
IND574104AAA,IND574216AAA,0.0009856532690833426,2.0,1.0,10
IND574202AAA,IND574239AAA,0.0009832724640855568,1.625,1.0,6
IND400016AAB,IND400072AAD,0.0009483539907846975,3.0384615385,1.0,10
IND825301AAA,IND825409AAA,0.0008570897992029066,3.09375,1.0,8
IND110037AAM,IND201301AAF,0.000829313740895405,1.909090909,1.0,5
IND508213AAB,IND508001AAA,0.0005872652327871767,1.7291666664999998,1.0,14
IND632006AAA,IND632402AAA,0.0005102858711921009,2.761904762,1.0,7
IND403726AAA,IND403702AAA,0.0004245768912718102,1.7430769229999998,1.0,8
IND573201AAB,IND575004AAB,0.00020633643314144046,2.285714286,1.0,14
IND110037AAM,IND110024AAA,0.00015078431652643727,2.533333333,1.0,11
IND580028AAA,IND403726AAA,0.000101581013238863,2.235294118,1.0,13
IND630561AAA,IND623701AAA,7.301135326543279e-05,1.4039855075,1.0,5
IND761200AAA,IND532001AAB,0.0009983508957382005,2.142857143,1.0,7
IND582209AAA,IND582101AAB,0.0009983508957382005,1.923076923,1.0,11
IND389151AAA,IND457661AAA,0.0009999380990700576,2.7763975155000002,1.0,8
IND712311AAA,IND700028AAB,0.0009999380990700576,2.657142857,1.0,22
IND562159AAA,IND562117AAA,0.0009999380990700576,1.9148550725,1.0,11
IND560067AAC,IND562114AAA,0.0009999380990700576,2.75,1.0,17
IND121004AAB,IND121004AAC,0.0009999380990700576,1.9,1.0,9
IND249407AAA,IND246149AAA,0.0009999380990700576,2.183880309,1.0,13
IND131028AAB,IND247667AAB,0.0009999380990700576,1.75,1.0,10
IND380021AAA,IND382430AAB,0.0009999380990700576,2.2,1.0,19
IND380006AAB,IND382430AAB,0.0009999380990700576,2.8035714284999997,1.0,15
IND249407AAA,IND249201AAA,0.0009999380990700576,2.038461538,1.0,11
IND136027AAA,IND132039AAA,0.0009999380990700576,2.0,1.0,14
IND842001AAA,IND846004AAA,0.0009983508957382005,2.380952381,1.0,15
IND834002AAB,IND832109AAB,0.0009999380990700576,2.375,1.0,9
IND462022AAA,IND462011AAA,0.0009999380990700576,2.5,1.0,19
IND000000AFR,IND683511AAA,0.0009999380990700576,1.95,1.0,6
IND110024AAA,IND110014AAA,0.0009999380990700576,1.7738095235,1.0,9
IND174021AAA,IND176048AAA,0.0009999380990700576,2.133333333,1.0,11
IND177001AAA,IND176110AAB,0.0009999380990700576,1.80952381,1.0,7
IND382430AAB,IND382345AAA,0.0009999380990700576,2.0,1.0,23
IND688524AAA,IND683511AAA,0.0009999380990700576,2.2,1.0,7
IND571104AAA,IND577598AAB,0.0009999380990700576,1.95,1.0,11
IND571105AAA,IND571213AAA,0.0009999380990700576,1.679028133,1.0,8
IND431001AAB,IND431136AAC,0.0009999380990700576,2.666666667,1.0,10
IND444602AAA,IND444005AAB,0.0009999380990700576,2.0294117645,1.0,14
IND401104AAA,IND401208AAA,0.0009999380990700576,2.363636364,1.0,23
IND000000AAL,IND411033AAA,0.0009999380990700576,2.166666667,1.0,14
IND721306AAA,IND721507AAA,0.0009999380990700576,2.0,1.0,10
IND673573AAA,IND673592AAA,0.0009999380990700576,1.6782352939999998,1.0,12
IND636352AAA,IND636705AAB,0.0009999380990700576,1.6,1.0,5
IND828401AAB,IND826004AAA,0.0009999380990700576,2.3095238095,1.0,6
IND792130AAB,IND786001AAB,0.0009999380990700576,3.0,1.0,9
IND848114AAA,IND848210AAA,0.0009999380990700576,1.708333333,1.0,15
IND848101AAA,IND844505AAB,0.0009999380990700576,3.444444444,1.0,11
IND843320AAA,IND847223AAA,0.0009999380990700576,2.15,1.0,7
IND786181AAC,IND792121AAB,0.0009999380990700576,2.875,1.0,7
IND786181AAC,IND792120AAB,0.0009999380990700576,4.5,1.0,7
IND781014AAA,IND781124AAA,0.0009999380990700576,2.166666667,1.0,5
IND503122AAA,IND502110AAA,0.0009999380990700576,1.578817734,1.0,14
IND500055AAC,IND501401AAC,0.0009999380990700576,1.75,1.0,9
IND500008AAF,IND500039AAC,0.0009999380990700576,2.7666666665,1.0,13
IND423105AAA,IND423301AAB,0.0009999380990700576,1.381818182,1.0,5
IND382430AAB,IND380054AAA,0.0009999380990700576,1.923076923,1.0,26
IND473226AAA,IND473001AAA,0.000999144497404129,1.4396551725,1.0,8
IND160002AAC,IND147101AAA,0.000999144497404129,2.19047619,1.0,7
IND246763AAA,IND246761AAA,0.000999144497404129,2.4092105265,1.0,11
IND507002AAA,IND508206AAA,0.000999144497404129,1.9210526315,1.0,11
IND142026AAA,IND141109AAA,0.000999144497404129,1.379761905,1.0,12
IND243503AAB,IND244901AAB,0.000999144497404129,2.111111111,1.0,7
IND205001AAB,IND205135AAA,0.000999144497404129,2.095238095,1.0,7
IND201306AAA,IND201301AAF,0.000999144497404129,2.0412087915,1.0,7
IND242221AAA,IND207247AAB,0.000999144497404129,2.322580645,1.0,5
IND201301AAF,IND201304AAA,0.000999144497404129,1.6145833335000002,1.0,12
IND583231AAA,IND583201AAA,0.000999144497404129,2.5,1.0,10
IND132103AAB,IND131028AAB,0.000999144497404129,1.8214285714999998,1.0,5
IND802213AAB,IND802212AAA,0.000999144497404129,3.5,1.0,5
IND788151AAA,IND788713AAA,0.000999144497404129,2.666666667,1.0,12
IND532001AAB,IND532421AAA,0.000999144497404129,1.789473684,1.0,13
IND742148AAA,IND742225AAA,0.000999144497404129,4.0,1.0,9
IND505467AAA,IND505122AAA,0.000999144497404129,1.477582846,1.0,7
IND462022AAA,IND466001AAA,0.000999144497404129,2.384615385,1.0,8
IND277303AAC,IND277211AAA,0.000999144497404129,1.4472727275000001,1.0,6
IND523002AAA,IND523230AAA,0.0009983508957382005,1.567251462,1.0,14
IND508248AAB,IND508377AAB,0.000999144497404129,1.785714286,1.0,11
IND246725AAB,IND246701AAA,0.000999144497404129,1.574074074,1.0,7
IND458990AAA,IND312605AAB,0.000999144497404129,1.590909091,1.0,5
IND144001AAA,IND144040AAA,0.000999144497404129,1.75,1.0,11
IND731237AAB,IND731224AAA,0.000999144497404129,3.375,1.0,9
IND713205AAB,IND713303AAA,0.000999144497404129,1.823529412,1.0,5
IND631003AAA,IND600056AAB,0.000999144497404129,2.1,1.0,5
IND695121AAA,IND695572AAB,0.000999144497404129,1.846153846,1.0,11
IND712311AAA,IND700065AAA,0.000999144497404129,3.2875,1.0,28
IND388320AAA,IND387001AAA,0.000999144497404129,1.8166666665,1.0,6
IND414502AAA,IND431107AAB,0.000999144497404129,1.576923077,1.0,7
IND712103AAA,IND712310AAE,0.000999144497404129,2.727272727,1.0,18
IND415605AAA,IND415709AAA,0.000999144497404129,2.048809524,1.0,11
IND847226AAA,IND842001AAA,0.000999144497404129,1.912878788,1.0,14
IND431122AAA,IND431127AAA,0.000999144497404129,2.1213235294999997,1.0,7
IND842001AAA,IND843109AAB,0.000999144497404129,3.6428571425,1.0,11
IND712310AAE,IND712124AAA,0.000999144497404129,3.2,1.0,21
IND842001AAA,IND847212AAA,0.000999144497404129,1.875,1.0,15
IND600056AAB,IND631501AAA,0.000999144497404129,2.173611111,1.0,6
IND518401AAA,IND518422AAB,0.000999144497404129,2.111111111,1.0,6
IND515301AAA,IND561202AAB,0.000999144497404129,1.8166666665,1.0,12
IND515134AAA,IND515591AAA,9.523219991143405e-06,1.5218487395,1.0,6
IND486886AAA,IND486889AAA,9.523219991143405e-06,2.4,1.0,7
IND506002AAA,IND506143AAA,9.523219991143405e-06,1.9411764704999999,1.0,10
IND587103AAB,IND582209AAA,1.5872033318572343e-06,1.8811764704999998,1.0,12
IND586128AAA,IND586211AAA,1.5872033318572343e-06,1.625,1.0,9
IND518124AAA,IND518206AAA,1.5872033318572343e-06,1.65,1.0,6
IND632301AAA,IND606803AAA,1.5872033318572343e-06,2.15,1.0,9
IND509324AAA,IND508248AAB,1.5872033318572343e-06,2.1525735294999997,1.0,7
IND515401AAB,IND515801AAA,1.5872033318572343e-06,2.5,1.0,14
IND516101AAA,IND516115AAA,1.5872033318572343e-06,2.333333333,1.0,12
IND517644AAA,IND524132AAA,1.5872033318572343e-06,2.134502924,1.0,11
IND533201AAA,IND533262AAA,1.5872033318572343e-06,2.75,1.0,6
IND581115AAC,IND581110AAE,1.5872033318572343e-06,1.666666667,1.0,13
IND362265AAA,IND362720AAA,9.523219991143405e-06,2.267857143,1.0,11
IND416510AAA,IND416602AAC,1.5872033318572343e-06,2.506265664,1.0,6
IND700065AAB,IND712310AAA,1.5872033318572343e-06,4.307692308,1.0,11
IND700136AAG,IND712310AAA,1.5872033318572343e-06,4.277777778,1.0,15
IND515201AAA,IND515301AAA,7.936016659286172e-07,2.285714286,1.0,11
IND205135AAA,IND283203AAA,7.936016659286172e-07,2.2134502925,1.0,8
IND508277AAB,IND508223AAA,7.936016659286172e-07,1.384615385,1.0,7
IND602024AAA,IND602001AAA,7.936016659286172e-07,2.6607142855,1.0,6
IND244301AAA,IND244412AAA,7.936016659286172e-07,1.607142857,1.0,8
IND532201AAA,IND532222AAA,1.5872033318572343e-06,1.9545454544999998,1.0,14
IND531163AAA,IND535001AAA,1.5872033318572343e-06,2.25,1.0,9
IND425201AAA,IND425508AAB,1.5872033318572343e-06,2.05,1.0,5
IND441206AAB,IND442605AAA,1.5872033318572343e-06,2.166666667,1.0,5
IND846004AAA,IND847103AAA,1.5872033318572343e-06,2.333333333,1.0,15
IND713148AAA,IND713128AAB,1.5872033318572343e-06,2.888888889,1.0,10
IND144514AAA,IND141115AAA,1.5872033318572343e-06,1.75,1.0,5
IND713130AAA,IND741123AAB,1.5872033318572343e-06,2.181818182,1.0,10
IND135001AAA,IND173025AAA,1.5872033318572343e-06,2.16,1.0,9
IND201204AAA,IND250002AAA,1.5872033318572343e-06,1.761904762,1.0,5
IND175018AAA,IND175001AAA,1.5872033318572343e-06,3.117647059,1.0,9
IND140301AAA,IND140901AAA,1.5872033318572343e-06,1.928571429,1.0,12
IND713128AAB,IND731204AAB,1.5872033318572343e-06,2.8,1.0,11
IND145001AAA,IND176201AAA,1.5872033318572343e-06,1.6577380955,1.0,6
IND244713AAA,IND263401AAA,1.5872033318572343e-06,2.0,1.0,11
IND211011AAA,IND212501AAA,1.5872033318572343e-06,3.45,1.0,8
IND843301AAA,IND843320AAA,1.5872033318572343e-06,1.48,1.0,13
IND263645AAA,IND263601AAA,1.5872033318572343e-06,2.039215686,1.0,11
IND521301AAA,IND521001AAA,1.5872033318572343e-06,2.173611111,1.0,13
IND637301AAA,IND638001AAA,1.5872033318572343e-06,1.8529411765,1.0,10
IND442101AAB,IND445001AAB,1.5872033318572343e-06,2.117647059,1.0,11
IND243001AAA,IND243503AAB,7.936016659286172e-07,2.0,1.0,9
IND631501AAA,IND631003AAA,7.936016659286172e-07,2.142857143,1.0,5
IND852113AAA,IND852139AAB,7.936016659286172e-07,2.9208333335,1.0,13
IND401501AAA,IND401602AAA,7.936016659286172e-07,2.333333333,1.0,10
IND712124AAA,IND712103AAA,7.936016659286172e-07,2.95,1.0,20
IND743513AAA,IND743347AAA,7.936016659286172e-07,1.763888889,1.0,8
IND425409AAA,IND425406AAA,7.936016659286172e-07,2.277777778,1.0,6
IND492001AAB,IND492007AAA,7.936016659286172e-07,2.8409090910000003,1.0,6
IND141003AAB,IND142026AAA,7.936016659286172e-07,1.626984127,1.0,15
IND271201AAA,IND271210AAA,7.936016659286172e-07,2.142857143,1.0,6
IND271001AAA,IND271201AAA,7.936016659286172e-07,2.3095238095,1.0,5
IND509358AAA,IND508248AAB,7.936016659286172e-07,2.176470588,1.0,5
IND246444AAB,IND246424AAA,7.936016659286172e-07,1.409090909,1.0,11
IND441614AAA,IND481001AAA,7.936016659286172e-07,2.1875,1.0,9
IND627811AAA,IND627401AAA,7.936016659286172e-07,1.5683229810000001,1.0,6
IND627117AAA,IND629001AAA,7.936016659286172e-07,1.825925926,1.0,11
IND473001AAA,IND473331AAA,7.936016659286172e-07,1.96875,1.0,8
IND843329AAB,IND843301AAA,0.0,3.315789474,1.0,7
IND686507AAA,IND686513AAA,0.0,2.409722222,1.0,10
IND713205AAB,IND722143AAB,0.0,3.72,1.0,8
IND721102AAA,IND712311AAA,0.0,8.247311828,1.0,8
IND402107AAA,IND402109AAA,7.936016659286172e-07,2.111111111,1.0,11
IND387001AAA,IND388220AAA,7.936016659286172e-07,1.732142857,1.0,9
IND854105AAB,IND853204AAA,7.936016659286172e-07,2.764705882,1.0,5
IND722101AAA,IND722122AAA,7.936016659286172e-07,1.886904762,1.0,7
IND841424AAA,IND841428AAA,7.936016659286172e-07,2.6076923075,1.0,6
IND812002AAA,IND813203AAA,7.936016659286172e-07,3.0208333334999997,1.0,12
IND813102AAA,IND812002AAA,7.936016659286172e-07,2.055072464,1.0,12
IND845418AAB,IND845438AAA,7.936016659286172e-07,2.196969697,1.0,6
IND147101AAA,IND147105AAA,7.936016659286172e-07,1.428571429,1.0,6
IND533003AAA,IND533401AAA,7.936016659286172e-07,1.9023809525,1.0,12
IND788713AAA,IND788806AAA,7.936016659286172e-07,2.923076923,1.0,10
IND802101AAA,IND802119AAA,7.936016659286172e-07,2.538461538,1.0,10
IND518422AAB,IND518102AAA,7.936016659286172e-07,2.037847222,1.0,10
IND821109AAA,IND802213AAB,7.936016659286172e-07,5.1875,1.0,8
IND173212AAA,IND173220AAA,7.936016659286172e-07,3.307692308,1.0,5
IND210001AAA,IND210427AAA,7.936016659286172e-07,3.733333333,1.0,9
IND845438AAA,IND845455AAB,7.936016659286172e-07,1.962962963,1.0,12
IND140901AAA,IND160055AAA,7.936016659286172e-07,2.0,1.0,13
IND423109AAA,IND423601AAA,7.936016659286172e-07,2.25,1.0,10
IND673121AAA,IND670645AAB,7.936016659286172e-07,2.278846154,1.0,8
IND713303AAA,IND713364AAB,7.936016659286172e-07,4.166666666499999,1.0,6
IND845401AAA,IND845305AAA,1.5872033318572343e-06,2.676470588,1.0,15
IND723131AAA,IND722140AAA,1.5872033318572343e-06,1.3331653225,1.0,6
IND853204AAA,IND851204AAA,1.5872033318572343e-06,2.055555556,1.0,11
IND628801AAA,IND628204AAA,6.348813327428937e-06,1.472222222,1.0,12
IND517501AAB,IND517583AAA,6.348813327428937e-06,2.181818182,1.0,13
IND395023AAD,IND395004AAB,6.348813327428937e-06,2.05,1.0,10
IND125047AAB,IND125051AAA,6.348813327428937e-06,1.8107142855,1.0,8
IND342005AAD,IND342902AAA,5.55521166150032e-06,2.071428571,1.0,5
IND609110AAA,IND609602AAA,5.55521166150032e-06,1.9736842105,1.0,7
IND742303AAB,IND741165AAB,4.7616099955717026e-06,2.785714286,1.0,12
IND262701AAA,IND262802AAA,4.7616099955717026e-06,2.267857143,1.0,14
IND261001AAA,IND262701AAA,4.7616099955717026e-06,1.826086957,1.0,14
IND509124AAA,IND509103AAB,4.7616099955717026e-06,1.9069264069999998,1.0,8
IND231208AAA,IND231217AAA,4.7616099955717026e-06,1.8070652175,1.0,6
IND517583AAA,IND516101AAA,4.7616099955717026e-06,2.25,1.0,13
IND524132AAA,IND524101AAB,4.7616099955717026e-06,1.5742753619999998,1.0,11
IND361001AAA,IND361305AAC,4.7616099955717026e-06,1.666666667,1.0,9
IND413501AAA,IND413401AAA,4.7616099955717026e-06,1.384615385,1.0,14
IND571111AAB,IND571313AAB,4.7616099955717026e-06,1.6515151515,1.0,7
IND143001AAA,IND144001AAB,3.968008329643086e-06,1.875,1.0,14
IND614602AAA,IND614804AAA,3.968008329643086e-06,1.5,1.0,11
IND627005AAA,IND627117AAA,6.348813327428937e-06,1.589473684,1.0,11
IND627401AAA,IND627005AAA,6.348813327428937e-06,1.962962963,1.0,10
IND422605AAA,IND413709AAA,3.968008329643086e-06,1.75,1.0,7
IND804420AAA,IND803101AAA,6.348813327428937e-06,2.533333333,1.0,11
IND361315AAA,IND361335AAA,9.523219991143405e-06,1.606617647,1.0,9
IND231225AAB,IND486886AAA,9.523219991143405e-06,1.62962963,1.0,7
IND201007AAB,IND201301AAF,8.72961832521479e-06,2.933333333,1.0,5
IND360490AAA,IND362001AAA,8.72961832521479e-06,2.2242424245,1.0,7
IND335001AAA,IND125104AAA,8.72961832521479e-06,1.595238095,1.0,6
IND515591AAA,IND516269AAA,8.72961832521479e-06,1.594117647,1.0,8
IND361305AAC,IND361315AAA,7.936016659286172e-06,1.6318681315,1.0,8
IND110044AAB,IND201007AAA,7.936016659286172e-06,2.375,1.0,11
IND742102AAB,IND731237AAB,7.936016659286172e-06,2.8194444445,1.0,5
IND231217AAA,IND231225AAB,7.936016659286172e-06,2.4246031745,1.0,7
IND741156AAA,IND742101AAC,7.142414993357555e-06,2.5227272725,1.0,8
IND401209AAB,IND401104AAA,7.142414993357555e-06,2.3541666665000003,1.0,8
IND614616AAA,IND630002AAA,7.142414993357555e-06,1.515151515,1.0,11
IND585330AAE,IND585401AAA,7.142414993357555e-06,1.781746032,1.0,15
IND629179AAA,IND627005AAA,7.142414993357555e-06,2.093023256,1.0,11
IND803101AAA,IND805110AAD,7.142414993357555e-06,2.342857143,1.0,9
IND805110AAD,IND803116AAA,6.348813327428937e-06,2.333333333,1.0,9
IND691574AAA,IND695614AAA,3.968008329643086e-06,1.5,1.0,14
IND311001AAA,IND313324AAA,3.968008329643086e-06,1.846153846,1.0,5
IND801103AAA,IND802301AAA,1.5872033318572343e-06,2.666666667,1.0,11
IND396445AAA,IND396321AAA,2.3808049977858513e-06,1.6666666665,1.0,6
IND742121AAA,IND742102AAB,2.3808049977858513e-06,3.285714286,1.0,5
IND854311AAA,IND854334AAA,2.3808049977858513e-06,1.777777778,1.0,7
IND691305AAA,IND689645AAA,2.3808049977858513e-06,2.363636364,1.0,11
IND431127AAA,IND414502AAA,2.3808049977858513e-06,2.095238095,1.0,7
IND461111AAA,IND460001AAA,2.3808049977858513e-06,1.888888889,1.0,13
IND583201AAA,IND583119AAA,2.3808049977858513e-06,2.25,1.0,7
IND480334AAA,IND480106AAA,2.3808049977858513e-06,1.4907407405000002,1.0,14
IND246701AAA,IND246763AAA,2.3808049977858513e-06,1.833333333,1.0,9
IND614018AAA,IND613104AAA,2.3808049977858513e-06,1.7490196075,1.0,10
IND786171AAA,IND786181AAC,2.3808049977858513e-06,2.125,1.0,6
IND523226AAA,IND523316AAB,2.3808049977858513e-06,2.0,1.0,6
IND602001AAB,IND609001AAA,2.3808049977858513e-06,2.210526316,1.0,11
IND627756AAA,IND626117AAA,2.3808049977858513e-06,1.7207792204999999,1.0,12
IND742121AAB,IND742121AAA,2.3808049977858513e-06,3.3,1.0,9
IND786125AAA,IND786190AAA,1.5872033318572343e-06,2.333333333,1.0,5
IND250611AAA,IND247776AAA,1.5872033318572343e-06,1.955627706,1.0,8
IND385001AAA,IND385535AAA,1.5872033318572343e-06,1.6,1.0,10
IND363421AAB,IND364710AAA,2.3808049977858513e-06,1.9023809525,1.0,9
IND679303AAA,IND679531AAA,2.3808049977858513e-06,2.732142857,1.0,9
IND251001AAA,IND247554AAA,3.968008329643086e-06,1.6442687745,1.0,10
IND247667AAA,IND249407AAA,2.3808049977858513e-06,1.9285714285,1.0,10
IND803116AAA,IND803108AAB,3.968008329643086e-06,2.4142857145,1.0,13
IND731224AAA,IND742147AAA,3.968008329643086e-06,2.1818181819999998,1.0,8
IND395023AAD,IND396445AAA,3.968008329643086e-06,1.8174603175,1.0,6
IND804452AAA,IND804420AAA,3.968008329643086e-06,2.962121212,1.0,6
IND583101AAA,IND577535AAC,3.968008329643086e-06,1.833333333,1.0,10
IND261201AAB,IND261001AAA,3.1744066637144687e-06,1.562878788,1.0,13
IND503187AAA,IND503122AAA,3.1744066637144687e-06,1.5951086955,1.0,15
IND501359AAG,IND000000ACN,3.1744066637144687e-06,2.4772727275,1.0,6
IND262802AAA,IND262723AAB,3.1744066637144687e-06,2.297297297,1.0,15
IND680587AAA,IND68004AAA,3.1744066637144687e-06,1.785714286,1.0,6
IND736135AAA,IND736101AAA,3.1744066637144687e-06,2.0890269155,1.0,6
IND517501AAB,IND517644AAA,3.1744066637144687e-06,2.4142156865,1.0,12
IND577101AAA,IND577132AAD,3.1744066637144687e-06,2.15,1.0,5
IND516115AAA,IND517501AAB,3.1744066637144687e-06,2.4365079365,1.0,11
IND609001AAA,IND614018AAA,3.1744066637144687e-06,1.982142857,1.0,12
IND577501AAA,IND577002AAA,3.1744066637144687e-06,1.698529412,1.0,10
IND736135AAA,IND736165AAA,3.1744066637144687e-06,2.4691666665,1.0,5
IND400072AAC,IND400011AAA,0.0009999380990700576,2.7333333335,1.0,12
IND580028AAA,IND580002AAA,0.0,3.238095238,1.0,5
IND175015AAA,IND174001AAA,0.002995052687214601,1.868421053,1.0,13
IND431603AAA,IND431708AAA,0.002000669799806044,1.9393382355,1.0,14
IND607001AAA,IND608001AAA,0.001994320986478615,1.8666666665,1.0,10
IND842001AAA,IND848114AAA,0.0019951145881445436,2.03125,1.0,14
IND854334AAA,IND852118AAA,0.0019951145881445436,1.333333333,1.0,7
IND851127AAA,IND842001AAA,0.0019951145881445436,3.4,1.0,13
IND160002AAC,IND147001AAD,0.003980705956297944,1.9166666664999998,1.0,7
IND605601AAA,IND607106AAA,0.0019951145881445436,1.9615384615,1.0,12
IND573116AAA,IND571432AAB,0.0019951145881445436,1.6833333335,1.0,7
IND577598AAB,IND573142AAA,0.0019951145881445436,1.964285714,1.0,11
IND273014AAB,IND277303AAC,0.0019959081898104723,2.0627450979999997,1.0,14
IND572101AAA,IND561203AAB,0.0019951145881445436,1.7888888889999999,1.0,8
IND515671AAA,IND515134AAA,0.003980705956297944,1.5,1.0,7
IND501359AAE,IND500008AAC,0.001998288994808258,1.5505050505,1.0,14
IND562114AAA,IND560048AAB,0.001998288994808258,2.7857142855,1.0,8
IND842003AAB,IND480886AAA,0.0019951145881445436,2.190909091,1.0,7
IND505001AAB,IND504208AAB,0.0019951145881445436,1.4,1.0,5
IND305601AAC,IND305001AAC,0.003980705956297944,1.9852941175,1.0,13
IND305001AAC,IND305802AAA,0.001994320986478615,2.2412280705,1.0,6
IND274001AAA,IND274509AAB,0.001994320986478615,2.0,1.0,8
IND781018AAB,IND781354AAA,0.003977531549634229,1.6862318840000001,1.0,8
IND341303AAA,IND341306AAA,0.003954517101322299,1.71875,1.0,8
IND712311AAA,IND713205AAB,0.018711540079264937,1.8819444445,1.0,7
IND834002AAB,IND829122AAA,0.0011411991956053514,2.6931818180000002,1.0,7
IND571114AAA,IND570020AAA,0.002995052687214601,3.333333333,1.0,6
IND501359AAE,IND508252AAB,0.0014038813470277237,2.0,1.0,7
IND211002AAB,IND485001AAC,0.003222816365336114,2.3592105265,1.0,13
IND421302AAG,IND401104AAA,0.0029593406122478136,2.4365079365,1.0,50
IND462022AAA,IND842003AAB,0.014818923907885069,1.959742351,1.0,5
IND785001AAA,IND785682AAA,0.014810194289559854,1.8,1.0,11
IND631102AAA,IND600056AAB,0.0014880031236161571,1.6609195405000001,1.0,12
IND471001AAA,IND472001AAA,0.0017197348100673135,1.5,1.0,6
IND785682AAA,IND786001AAB,0.012856346988043598,2.0,1.0,10
IND486661AAA,IND211002AAB,0.001972100139832614,2.866666667,1.0,5
IND574239AAA,IND574221AAA,0.0019800361564919,1.512820513,1.0,7
IND742101AAC,IND731237AAB,0.001986384969819329,2.8541666665000003,1.0,7
IND506167AAB,IND501359AAE,0.0019887657748171145,1.789473684,1.0,9
IND582101AAB,IND580028AAA,0.0019951145881445436,2.625,1.0,12
IND523316AAB,IND522647AAA,0.001998288994808258,1.631578947,1.0,7
IND787001AAA,IND787057AAA,0.002995052687214601,2.3,1.0,8
IND591102AAA,IND591307AAC,0.001998288994808258,2.0486425335,1.0,12
IND788026AAC,IND788151AAA,0.001996701791476401,2.545454545,1.0,13
IND506132AAA,IND122001AAJ,0.001997495393142329,1.794736842,1.0,12
IND518002AAA,IND518401AAA,0.001997495393142329,1.78125,1.0,7
IND400072AAB,IND421302AAR,0.005975820544442487,1.909090909,1.0,11
IND515004AAA,IND515671AAA,0.005967090926117273,2.0,1.0,7
IND721253AAC,IND721306AAA,0.001998288994808258,2.263768116,1.0,9
IND136128AAA,IND136027AAA,0.001998288994808258,2.058823529,1.0,15
IND794101AAA,IND781018AAB,0.005963122917787629,2.246212121,1.0,9
IND221706AAA,IND273014AAB,0.0019959081898104723,2.933333333,1.0,8
IND600056AAB,IND600008AAC,0.001998288994808258,1.8660714285,1.0,21
IND600119AAA,IND600016AAC,0.001998288994808258,2.631578947,1.0,5
IND131028AAB,IND124507AAA,0.001998288994808258,1.8819444445,1.0,10
IND248122AAB,IND248001AAA,0.001998288994808258,2.1219772405,1.0,8
IND401209AAB,IND421302AAH,0.001998288994808258,2.5,1.0,14
IND204215AAA,IND207001AAA,0.001998288994808258,2.7083333334999997,1.0,6
IND176110AAB,IND177033AAA,0.001998288994808258,2.1,1.0,9
IND787057AAA,IND787059AAB,0.003990229176289087,2.12,1.0,10
IND251309AAB,IND131028AAB,0.001996701791476401,1.714285714,1.0,6
IND444005AAB,IND443301AAA,0.001996701791476401,2.1311827955,1.0,5
IND212402AAA,IND211002AAB,0.001996701791476401,3.7222222225,1.0,7
IND854326AAB,IND854105AAB,0.0019959081898104723,2.28125,1.0,11
IND783348AAA,IND783129AAA,0.003982293159629801,1.6962962965,1.0,10
IND532001AAB,IND532127AAA,0.0019959081898104723,1.9166666664999998,1.0,14
IND431136AAC,IND431122AAA,0.0019959081898104723,2.222222222,1.0,9
IND123001AAA,IND123401AAB,0.001998288994808258,1.75,1.0,10
IND521225AAB,IND521201AAA,0.0019959081898104723,1.529230769,1.0,15
IND521333AAA,IND521225AAB,0.0019959081898104723,2.3904761905000003,1.0,12
IND431107AAB,IND431136AAC,0.0019959081898104723,1.810483871,1.0,6
IND365560AAA,IND365560AAB,0.001998288994808258,1.9347826085,1.0,5
IND585104AAA,IND585211AAA,0.001996701791476401,1.797979798,1.0,11
IND411033AAA,IND431603AAA,0.0079479206842751,1.833333333,1.0,15
IND500039AAC,IND508116AAA,0.001996701791476401,1.8642533934999999,1.0,8
IND732202AAA,IND732204AAB,0.001998288994808258,3.1339285715000003,1.0,6
IND131028AAB,IND136118AAA,0.003990229176289087,1.857142857,1.0,15
IND501401AAC,IND500010AAA,0.001996701791476401,4.857142857,1.0,7
IND575004AAB,IND574211AAA,0.0010118421240589868,2.116013072,1.0,8
IND176048AAA,IND175015AAA,0.001998288994808258,1.8666007905,1.0,11
IND416404AAA,IND416012AAA,0.0029887038738871724,2.703703704,1.0,5
IND842001AAA,IND843105AAB,0.002995052687214601,2.9375,1.0,14
IND211008AAA,IND211002AAB,0.0009999380990700576,3.571428571,1.0,6
IND783301AAA,IND783348AAA,0.0029918782805508867,1.9615384615,1.0,11
IND364004AAB,IND365560AAA,0.002995052687214601,1.772727273,1.0,5
IND583101AAA,IND583201AAA,0.0029926718822168154,2.375,1.0,11
IND712311AAA,IND781018AAB,0.024352460720685545,2.423076923,1.0,5
IND209111AAA,IND285001AAD,0.0010007317007359863,1.8460526315,1.0,15
IND365560AAB,IND364290AAA,0.0009999380990700576,2.454545455,1.0,7
IND609602AAA,IND611001AAA,0.0010007317007359863,3.1944444445,1.0,10
IND421302AAR,IND421301AAA,0.0009999380990700576,4.25,1.0,10
IND585104AAA,IND585330AAE,0.0010039061073997006,1.8535714285,1.0,14
IND400037AAA,IND400072AAJ,0.0009999380990700576,3.333333333,1.0,7
IND421302AAR,IND400612AAA,0.0009999380990700576,2.5,1.0,10
IND505122AAA,IND506002AAA,0.002995052687214601,2.2315789475,1.0,8
IND263153AAB,IND263139AAA,0.0009999380990700576,1.8839285715,1.0,7
IND211002AAB,IND211013AAA,0.0009999380990700576,5.3095238095,1.0,7
IND341510AAB,IND305001AAC,0.002991084678884958,2.083333333,1.0,8
IND502313AAA,IND503111AAC,0.0029918782805508867,1.68,1.0,5
IND000000AET,IND000000AAS,0.0010031125057337721,2.976190476,1.0,8
IND605010AAB,IND607001AAA,0.002989497475553101,1.793103448,1.0,11
IND431708AAA,IND431514AAA,0.0010039061073997006,1.940972222,1.0,15
IND207247AAB,IND205001AAB,0.002995052687214601,2.2270833335,1.0,5
IND273014AAB,IND274001AAA,0.002989497475553101,2.5,1.0,10
IND212501AAA,IND212402AAA,0.0009999380990700576,1.6333333335,1.0,8
IND247776AAA,IND251309AAB,0.0009999380990700576,1.777777778,1.0,9
IND731301AAA,IND713205AAB,0.002993465483882744,1.718475073,1.0,12
IND421502AAA,IND421302AAR,0.0009999380990700576,3.166666667,1.0,9
IND742225AAA,IND742223AAA,0.002995052687214601,4.857142857,1.0,9
IND416012AAA,IND591237AAB,0.0029887038738871724,2.0666666664999997,1.0,8
IND614620AAA,IND630561AAA,1.904643998228681e-05,1.833333333,0.9912280701754386,12
IND400072AAB,IND401104AAA,2.856965997343022e-05,2.6458333334999997,0.9888888888888889,45
IND781018AAB,IND788026AAC,0.007955063099268458,2.6,0.9887640449438202,12
IND712311AAA,IND700026AAC,0.000999144497404129,2.19375,0.9878048780487805,29
IND305001AAC,IND306401AAB,0.0001333250798760077,1.888888889,0.9876543209876543,12
IND121004AAB,IND110037AAM,0.0005277451078425304,2.5857142855,0.9868421052631579,26
IND501359AAE,IND751002AAB,0.0015229215969170162,1.7752525255,0.9866666666666667,8
IND313001AAB,IND306401AAB,0.0004713993895615986,1.909090909,0.9863013698630136,11
IND515134AAA,IND515201AAA,0.000999144497404129,1.666666667,0.9861111111111112,12
IND501359AAE,IND506002AAA,0.01188497854894697,1.75,0.9857142857142858,10
IND400011AAA,IND400072AAD,3.1744066637144687e-06,2.833333333,0.9855072463768116,34
IND203390AAA,IND201301AAF,0.004983818462031716,1.9598150785,0.9852941176470589,14
IND472001AAA,IND485001AAC,8.015376825879033e-05,2.1973180075,0.9850746268656716,14
IND313001AAB,IND312001AAA,0.0039838803629616585,1.8,0.9846153846153847,13
IND712311AAA,IND742101AAC,0.01764176503359316,2.5486111114999996,0.984375,8
IND431136AAC,IND431203AAA,0.000999144497404129,1.9375,0.9838709677419355,9
IND411033AAA,IND431136AAC,0.008942303571683657,2.0,0.9833333333333333,12
IND508207AAB,IND521225AAB,0.0005944076477805342,1.8918128655,0.9833333333333333,10
IND610001AAA,IND605010AAB,0.004978263250370215,2.0166666665,0.9833333333333333,10
IND302014AAA,IND313001AAB,0.009654957867687556,1.707142857,0.9830508474576272,8
IND450331AAA,IND452001AAC,0.001996701791476401,2.2,0.9830508474576272,7
IND421302AAG,IND000000AFT,0.006894017671921897,2.326470588,0.9827586206896551,33
IND421302AAG,IND395023AAA,0.0003142662597077324,2.05,0.9818181818181818,6
IND421302AAG,IND444005AAB,0.006966235423521401,2.0645833335,0.9816176470588235,13
IND441912AAA,IND441107AAB,1.5872033318572343e-06,2.222222222,0.9809523809523809,11
IND524101AAB,IND517501AAB,6.348813327428937e-06,1.952380952,0.9807692307692307,13
IND600056AAB,IND524003AAA,0.0005936140461146056,1.529411765,0.979381443298969,14
IND756032AAA,IND712311AAA,0.004839382958832707,1.9833333335,0.9791666666666666,7
IND396321AAA,IND396580AAB,6.348813327428937e-06,1.7916666664999998,0.9791666666666666,11
IND721212AAA,IND712310AAE,0.0009999380990700576,2.0,0.9787234042553191,6
IND000000ACB,IND110043AAC,0.0009999380990700576,1.555555556,0.9772727272727273,9
IND421302AAG,IND400072AAB,0.003586285928331421,2.181818182,0.9771428571428571,66
IND507002AAA,IND508213AAB,0.00041267286628288093,1.75,0.9761904761904762,14
IND413002AAA,IND413501AAA,0.0002309380847852276,1.4772727275,0.9761904761904762,14
IND000000ACA,IND144001AAB,6.745614160393246e-05,1.611111111,0.9761904761904762,14
IND382430AAB,IND380015AAB,0.0009999380990700576,2.181818182,0.975609756097561,22
IND501359AAE,IND533106AAA,0.007326530579852993,2.0,0.9754901960784313,12
IND532127AAA,IND535591AAA,0.000999144497404129,1.7,0.975,14
IND210427AAA,IND209304AAA,0.000999144497404129,2.8607954545,0.975,8
IND493118AAC,IND495334AAB,1.5872033318572343e-06,1.5,0.975,8
IND518002AAA,IND584101AAA,0.0039838803629616585,1.64,0.975,10
IND421302AAG,IND400072AAA,0.0009999380990700576,2.272727273,0.9743589743589743,15
IND224141AAB,IND224122AAA,1.5872033318572343e-06,3.3125,0.9736842105263158,13
IND382430AAB,IND389001AAA,0.002995052687214601,1.684210526,0.9733333333333334,15
IND382430AAB,IND313001AAB,0.0015364128252378028,1.875,0.972972972972973,11
IND305001AAC,IND305901AAA,0.0009959700907404146,2.0,0.9722222222222222,12
IND244001AAA,IND263153AAB,7.936016659286172e-06,1.8661684785000001,0.9722222222222222,9
IND402109AAA,IND402301AAA,7.936016659286172e-07,1.845238095,0.9722222222222222,13
IND516390AAA,IND515004AAA,0.001989559376483043,1.65942029,0.9722222222222222,9
IND516269AAA,IND516390AAA,0.000999144497404129,1.5,0.9722222222222222,9
IND421302AAG,IND382430AAB,0.0035997771566522075,1.777777778,0.9722222222222222,14
IND431203AAA,IND431112AAB,7.936016659286172e-07,2.0,0.9714285714285714,5
IND600056AAB,IND600116AAB,0.005975820544442487,2.0,0.9714285714285714,12
IND421302AAN,IND400072AAB,0.0009999380990700576,2.487012987,0.9705882352941176,12
IND607801AAA,IND606003AAA,3.1744066637144687e-06,2.154761905,0.9705882352941176,12
IND400072AAD,IND421302AAG,0.002267319959558059,2.275,0.9705882352941176,61
IND641062AAD,IND643231AAA,1.2697626654857875e-05,1.7460317459999999,0.9696969696969697,11
IND302014AAA,IND305001AAC,0.01372137280390579,2.0544117645,0.9696969696969697,11
IND390022AAA,IND382430AAB,0.00011665944489150673,1.55,0.9696969696969697,8
IND209206AAB,IND210301AAA,0.0009999380990700576,2.333333333,0.9696969696969697,11
IND585211AAA,IND585222AAA,0.0009999380990700576,1.5,0.9696969696969697,11
IND638701AAA,IND641607AAA,1.2697626654857875e-05,1.818181818,0.9696969696969697,12
IND583201AAA,IND583227AAA,0.000999144497404129,2.0,0.9696969696969697,11
IND416012AAA,IND415612AAA,0.000999144497404129,2.368421053,0.9696969696969697,7
IND842001AAA,IND854326AAB,0.00029760062472323145,1.565217391,0.9694656488549618,12
IND000000ACK,IND501359AAF,3.1744066637144687e-06,2.214285714,0.9692307692307692,22
IND741126AAB,IND741156AAA,3.1744066637144687e-06,2.4166666665000003,0.96875,13
IND160002AAC,IND131028AAB,0.004126728662828809,1.733333333,0.96875,12
IND403702AAA,IND575004AAB,0.0005753612077982474,1.735294118,0.968421052631579,8
IND421302AAG,IND400102AAB,0.0009999380990700576,2.222222222,0.9682539682539683,22
IND421601AAB,IND421302AAG,0.000999144497404129,2.0,0.967741935483871,8
IND502286AAB,IND502220AAC,0.0019911465798149006,1.7120689654999999,0.9666666666666667,15
IND312605AAB,IND313001AAB,0.0029926718822168154,1.7770376175,0.9666666666666667,5
IND560300AAB,IND563130AAA,3.1744066637144687e-06,1.9,0.9666666666666667,6
IND571426AAA,IND571104AAA,4.7616099955717026e-06,1.8300653594999998,0.9666666666666667,10
IND431514AAA,IND431515AAA,7.142414993357555e-06,2.117647059,0.9666666666666667,15
IND342902A1B,IND302014AAA,0.0009896212774129856,2.0,0.9661016949152542,6
IND852139AAB,IND854326AAB,0.0009983508957382005,2.565217391,0.9661016949152542,15
IND123401AAB,IND123106AAB,0.0009999380990700576,1.826086957,0.9655172413793104,10
IND421302AAG,IND400015AAA,0.001979242554825971,2.154761905,0.9655172413793104,29
IND509203AAA,IND509301AAA,7.936016659286172e-07,1.511904762,0.9642857142857143,14
IND121004AAB,IND121004AAA,0.0009999380990700576,1.875,0.9642857142857143,14
IND503185AAA,IND503187AAA,0.0009983508957382005,1.7727272725,0.9642857142857143,14
IND110037AAM,IND110085AAB,0.00037696079131609313,1.8397435894999998,0.9642857142857143,14
IND421302AAG,IND421401AAC,0.000999144497404129,2.4318181819999998,0.9642857142857143,6
IND691506AAA,IND691305AAA,0.000999144497404129,1.571428571,0.9642857142857143,14
IND160002AAC,IND000000ACB,0.020189226381224022,1.733333333,0.9637931034482758,54
IND712311AAA,IND700088AAA,0.0009999380990700576,2.714285714,0.9636363636363636,23
IND000000ACA,IND160002AAC,0.011723083809097532,1.8708333335,0.9631147540983607,60
IND421302AAG,IND400072AAJ,0.001998288994808258,2.275,0.9629629629629629,21
IND561203AAB,IND562101AAA,0.0009999380990700576,1.5,0.9629629629629629,9
IND425508AAB,IND450331AAA,0.0009999380990700576,2.5,0.9629629629629629,10
IND742149AAA,IND742148AAA,7.936016659286172e-07,3.142857143,0.9629629629629629,9
IND148028AAA,IND147001AAB,0.000996763692406343,1.666666667,0.9629629629629629,9
IND639001AAA,IND624001AAA,2.0633643314144045e-05,1.64,0.9629629629629629,9
IND390022AAA,IND395023AAA,0.000673767814373396,1.647058824,0.9619047619047619,15
IND854326AAB,IND854311AAA,0.0009959700907404146,1.529411765,0.9615384615384616,14
IND852111AAA,IND854326AAB,0.000996763692406343,2.703296703,0.9615384615384616,11
IND751002AAB,IND756100AAC,0.006072639947685778,1.735087719,0.96,10
IND580028AAA,IND591123AAC,0.0019951145881445436,1.7275132275,0.96,13
IND723130AAA,IND723101AAA,7.936016659286172e-06,1.75,0.96,14
IND802158AAB,IND821115AAB,0.001996701791476401,1.923076923,0.96,7
IND342902AAA,IND302014AAA,0.001972100139832614,1.984649123,0.96,5
IND140001AAA,IND140118AAA,0.0009983508957382005,1.714285714,0.9583333333333334,12
IND384205AAA,IND382715AAA,8.72961832521479e-06,1.369318182,0.9583333333333334,12
IND673506AAA,IND670643AAA,3.968008329643086e-06,1.4330357145,0.9583333333333334,12
IND423601AAA,IND423701AAB,0.0009975572940722718,1.6076923075,0.9583333333333334,8
IND508001AAA,IND501359AAE,0.0015800609168638768,1.666666667,0.9571428571428572,14
IND530043AAA,IND531163AAA,0.0009999380990700576,1.636363636,0.9565217391304348,9
IND501359AAE,IND509358AAA,0.0019959081898104723,1.5,0.9565217391304348,12
IND842001AAA,IND845412AAB,0.0009983508957382005,2.235294118,0.9565217391304348,11
IND535558AAA,IND535501AAB,0.000999144497404129,1.619047619,0.9565217391304348,13
IND362720AAA,IND362560AAA,3.1744066637144687e-06,2.0,0.9565217391304348,12
IND388220AAA,IND388320AAA,0.000999144497404129,1.777777778,0.9565217391304348,9
IND402301AAA,IND402107AAA,7.936016659286172e-07,2.0,0.9558823529411765,8
IND562132AAA,IND751002AAB,0.004433058905877255,1.75,0.9555214723926381,12
IND421302AAG,IND462022AAA,0.002466513977706142,1.9428104574999998,0.9552238805970149,9
IND621010AAA,IND621212AAA,1.2697626654857875e-05,1.56,0.9545454545454546,11
IND421302AAG,IND400102AAC,0.001998288994808258,2.166666667,0.9545454545454546,36
IND606003AAA,IND606105AAA,0.0009999380990700576,1.6111111115,0.9545454545454546,11
IND000000ACN,IND501359AAF,4.7616099955717026e-06,1.9642857145,0.9545454545454546,11
IND533106AAA,IND530012AAA,0.0006420237477362513,1.636029412,0.9545454545454546,11
IND577002AAA,IND580028AAA,6.983694660171832e-05,1.552777778,0.9545454545454546,11
IND783370AAC,IND783301AAA,0.0010062869123974867,2.0952380955,0.9545454545454546,8
IND577598AAC,IND577501AAA,7.936016659286172e-07,1.833333333,0.9545454545454546,11
IND518501AAA,IND518124AAA,1.5872033318572343e-06,1.5742753619999998,0.9545454545454546,11
IND396191AAC,IND396232AAA,0.0009999380990700576,1.888888889,0.9545454545454546,11
IND535501AAB,IND532440AAA,1.5872033318572343e-06,1.4749373435,0.9545454545454546,11
IND673592AAA,IND673121AAA,0.000999144497404129,2.0,0.9545454545454546,11
IND581110AAE,IND581119AAB,1.5872033318572343e-06,1.714285714,0.9538461538461539,11
IND532421AAA,IND532201AAA,7.936016659286172e-07,1.6875,0.9523809523809523,13
IND573142AAA,IND573201AAB,0.0029879102722212437,1.807692308,0.9523809523809523,11
IND000000ACB,IND124103AAA,0.0009983508957382005,1.518518519,0.9523809523809523,10
IND581314AAA,IND403726AAA,0.0024966708410114296,1.767948718,0.9523809523809523,9
IND465669AAB,IND465683AAA,1.5872033318572343e-06,1.52,0.9523809523809523,11
IND515761AAA,IND515004AAA,0.002993465483882744,1.888888889,0.9523809523809523,14
IND829122AAA,IND825301AAA,0.00014443550319900834,1.8,0.9523809523809523,7
IND670645AAB,IND673592AAA,0.000999144497404129,2.4,0.9523809523809523,6
IND424006AAA,IND421302AAG,0.017741758843500165,1.952380952,0.9518072289156626,7
IND332001AAB,IND334001AAB,0.0009959700907404146,1.575367647,0.9516129032258065,7
IND131028AAB,IND251001AAA,0.0009959700907404146,1.695652174,0.9512195121951219,10
IND712311AAA,IND721306AAA,0.007955063099268458,1.8708333335,0.95,8
IND530012AAA,IND530043AAA,0.001996701791476401,2.1055555555,0.95,10
IND415612AAA,IND415408AAC,7.936016659286172e-07,2.429276316,0.95,5
IND530012AAA,IND501359AAE,0.005932172452816413,1.8,0.9493670886075949,10
IND000000ACT,IND160002AAC,6.348813327428938e-05,1.733333333,0.9492753623188406,14
IND000000ACB,IND125001AAA,0.008184413980721828,1.6324999999999998,0.9489795918367347,14
IND322201AAA,IND303503AAA,1.5872033318572343e-06,1.666666667,0.9487179487179487,9
IND621212AAA,IND621704AAA,2.3808049977858513e-06,1.8,0.9473684210526315,11
IND712311AAA,IND713103AAA,0.000984859667417414,1.75,0.9473684210526315,6
IND501359AAE,IND500010AAB,0.0009999380990700576,1.9782608695000001,0.9456521739130435,22
IND600016AAB,IND600044AAC,2.3808049977858513e-06,2.0,0.9452054794520548,18
IND610001AAA,IND614715AAA,0.000999144497404129,1.666666667,0.9444444444444444,12
IND362225AAA,IND362265AAA,8.72961832521479e-06,1.8285714285,0.9444444444444444,5
IND573201AAB,IND573116AAA,0.0029879102722212437,1.6904761905,0.9444444444444444,9
IND501359AAE,IND500039AAD,0.0009999380990700576,2.1483516485000003,0.9444444444444444,6
IND362001AAA,IND362220AAA,8.72961832521479e-06,1.75,0.9444444444444444,10
IND335513AAA,IND335001AAA,0.0010070805140634151,1.8424242425,0.9444444444444444,6
IND570020AAA,IND571602AAA,0.0009999380990700576,1.8541666664999998,0.9444444444444444,9
IND814112AAA,IND814133AAB,7.936016659286172e-07,2.3,0.9411764705882353,6
IND784168AAB,IND784176AAA,7.142414993357555e-06,2.411764706,0.9411764705882353,6
IND380006AAA,IND382430AAB,0.0009999380990700576,1.666666667,0.9411764705882353,9
IND713364AAB,IND712311AAA,0.000999144497404129,1.705882353,0.9411764705882353,11
IND466001AAA,IND466116AAA,7.936016659286172e-07,1.777777778,0.9411764705882353,9
IND608301AAA,IND639104AAB,1.904643998228681e-05,1.8745098040000001,0.9393939393939394,11
IND764001AAC,IND764059AAA,0.0009983508957382005,2.0,0.9375,7
IND533308AAB,IND533003AAA,7.936016659286172e-07,1.3923076925,0.9375,8
IND506314AAA,IND506002AAA,0.0009975572940722718,3.6666666665000003,0.9375,8
IND506001AAC,IND505467AAA,7.936016659286172e-07,1.685606061,0.9375,8
IND212601AAA,IND210001AAA,0.000999144497404129,2.176470588,0.9361702127659575,12
IND600032AAB,IND600076AAB,7.936016659286172e-07,2.2,0.9354838709677419,31
IND591123AAC,IND587103AAB,0.0009999380990700576,1.545454545,0.9354838709677419,13
IND382721AAA,IND382430AAB,0.0009983508957382005,2.083333333,0.9354838709677419,9
IND641062AAD,IND638401AAA,1.2697626654857875e-05,1.714285714,0.9347826086956522,9
IND385535AAA,IND384205AAA,0.0009983508957382005,1.5962962965,0.9347826086956522,12
IND160002AAC,IND143001AAA,0.000982478862419628,1.85,0.9338842975206612,11
IND636705AAB,IND562132AAA,0.001990352978148972,1.440229885,0.9333333333333333,5
IND302004AAA,IND302014AAB,1.3491228320786492e-05,2.142857143,0.9333333333333333,8
IND244901AAB,IND243002AAA,0.0009999380990700576,1.9210526315,0.9333333333333333,10
IND302014AAB,IND302006AAC,1.3491228320786492e-05,2.25,0.9333333333333333,15
IND562132AAA,IND577598AAC,0.000999144497404129,1.5,0.9333333333333333,10
IND306401AAB,IND342005AAD,0.005980582154438059,1.714285714,0.9333333333333333,15
IND362220AAA,IND362225AAA,7.936016659286172e-07,2.0,0.9333333333333333,5
IND503111AAC,IND503185AAA,0.0019951145881445436,1.652173913,0.9333333333333333,15
IND721501AAC,IND721253AAC,0.0009999380990700576,1.857142857,0.9333333333333333,5
IND845305AAA,IND842001AAA,0.0009983508957382005,2.631578947,0.9333333333333333,14
IND530012AAA,IND532001AAB,0.009927956840767001,1.666666667,0.9333333333333333,15
IND723202AAA,IND713205AAB,0.001990352978148972,1.761904762,0.9325842696629213,13
IND421302AAG,IND400015AAB,0.0009904148790789143,2.05,0.9324324324324325,16
IND574221AAA,IND562132AAA,0.002976799848898243,1.72972973,0.9322033898305084,6
IND000000ADV,IND600044AAC,2.3808049977858513e-06,1.5,0.9318181818181818,11
IND466116AAA,IND462022AAA,0.000999144497404129,2.111111111,0.9310344827586207,9
IND712310AAE,IND711303AAA,0.000996763692406343,1.833333333,0.9298245614035088,12
IND400064AAB,IND400072AAD,0.00032696388636259025,3.296703297,0.9285714285714286,12
IND641011AAA,IND641062AAD,1.428482998671511e-05,1.857142857,0.9285714285714286,5
IND848210AAA,IND851127AAA,3.1744066637144687e-06,1.8304843305,0.9285714285714286,14
IND581325AAA,IND580028AAA,0.00101581013238863,1.8229166664999998,0.9285714285714286,14
IND421401AAC,IND421601AAB,7.936016659286172e-07,2.6911764705000003,0.9285714285714286,6
IND431517AAB,IND411033AAA,0.0019911465798149006,2.285714286,0.9271523178807947,12
IND68004AAA,IND678683AAA,3.1744066637144687e-06,2.166666667,0.9259259259259259,14
IND126112AAA,IND131028AAB,0.0009999380990700576,1.972222222,0.9259259259259259,14
IND520011AAA,IND521185AAA,0.0009999380990700576,1.666666667,0.9259259259259259,5
IND245304AAA,IND245101AAA,0.0009999380990700576,1.846153846,0.9259259259259259,14
IND142001AAB,IND152026AAA,2.3808049977858513e-06,1.666666667,0.9240506329113924,20
IND621211AAA,IND621010AAA,7.142414993357555e-06,1.772727273,0.9230769230769231,10
IND203135AAA,IND203396AAB,2.3808049977858513e-06,1.4913793105000002,0.9230769230769231,9
IND465683AAA,IND465001AAA,0.0009999380990700576,1.4,0.9230769230769231,13
IND507111AAA,IND507117AAB,0.0009999380990700576,1.6832298135000001,0.9230769230769231,13
IND577132AAD,IND573134AAB,0.000996763692406343,2.0,0.9230769230769231,7
IND847103AAA,IND847404AAB,0.0009999380990700576,1.982142857,0.9230769230769231,13
IND691551AAA,IND691001AAB,0.0019959081898104723,1.7636363634999999,0.9230769230769231,14
IND209304AAA,IND208019AAA,0.0009999380990700576,3.642857143,0.9230769230769231,13
IND302014AAA,IND303702AAB,0.011855615287307612,2.210526316,0.9230769230769231,6
IND201301AAF,IND203205AAA,0.0009999380990700576,1.589473684,0.9230769230769231,13
IND600056AAB,IND501359AAE,0.003387091910183338,1.714285714,0.9217391304347826,5
IND581119AAB,IND577002AAA,0.0009983508957382005,1.4772727275,0.9210526315789473,10
IND562132AAA,IND583101AAA,0.0049798504537020725,1.4749373435,0.92,10
IND583227AAA,IND583231AAA,7.936016659286172e-07,1.6904761905,0.92,10
IND524003AAA,IND501359AAE,0.000406324052955452,1.529411765,0.919831223628692,14
IND712311AAA,IND700053AAA,0.003990229176289087,2.823529412,0.918918918918919,15
IND321022AAA,IND121004AAB,0.000999144497404129,2.0,0.9180327868852459,7
IND121004AAB,IND121001AAA,0.0009999380990700576,1.757142857,0.9166666666666666,19
IND742102AAB,IND713130AAA,3.1744066637144687e-06,1.8,0.9166666666666666,6
IND263601AAA,IND262501AAA,1.5872033318572343e-06,1.775,0.9166666666666666,8
IND000000ACB,IND110024AAA,0.0018475046782818207,1.757142857,0.9166666666666666,6
IND722122AAA,IND713205AAB,0.000999144497404129,1.7100840335,0.9166666666666666,6
IND131028AAB,IND110037AAM,0.004249736921047745,2.218253968,0.9166666666666666,6
IND000000AFT,IND400072AAB,7.221775159950417e-05,2.0,0.9166666666666666,6
IND110044AAB,IND201301AAF,8.72961832521479e-06,2.0,0.9166666666666666,7
IND577002AAA,IND581115AAC,0.0009983508957382005,2.0714285715000003,0.9166666666666666,12
IND303108AAB,IND303106AAA,0.0009999380990700576,1.53125,0.9166666666666666,6
IND600056AAB,IND600016AAC,0.002995052687214601,1.8166666665,0.9166666666666666,9
IND421302AAR,IND421004AAA,0.0009999380990700576,3.1666666665000003,0.9166666666666666,15
IND125001AAA,IND335513AAA,0.0005753612077982474,1.727272727,0.9142857142857143,5
IND786190AAA,IND792103AAB,3.1744066637144687e-06,1.875,0.9130434782608695,6
IND000000ABG,IND501359AAF,3.1744066637144687e-06,1.888888889,0.9130434782608695,9
IND847404AAB,IND842001AAA,0.001996701791476401,2.047619048,0.9130434782608695,12
IND821115AAB,IND802101AAA,0.0009983508957382005,2.0,0.9130434782608695,6
IND756100AAC,IND758034AAA,0.0009975572940722718,2.0,0.9111111111111111,8
IND485001AAC,IND486771AAA,2.3014448311929897e-05,2.3476190475000003,0.9090909090909091,5
IND452001AAC,IND425201AAA,0.0009983508957382005,3.0,0.9090909090909091,5
IND370001AAA,IND370615AAB,0.000999144497404129,1.558139535,0.9090909090909091,6
IND332001AAB,IND333042AAA,0.0009983508957382005,1.5631578945000002,0.9090909090909091,11
IND611001AAA,IND610001AAA,0.001997495393142329,2.1875,0.9090909090909091,10
IND570020AAA,IND571301AAA,0.001993527384812686,1.9,0.9090909090909091,7
IND533401AAA,IND533106AAA,0.0009983508957382005,1.941176471,0.9090909090909091,11
IND462022AAA,IND209304AAA,0.0018205222216402478,1.75,0.9075342465753424,14
IND560300AAB,IND563101AAB,0.0010015253024019148,1.6,0.9074074074074074,9
IND000000ACA,IND142001AAB,1.5078431652643727e-05,1.5,0.90625,8
IND422103AAC,IND422605AAA,0.0009975572940722718,1.732142857,0.90625,7
IND421302AAG,IND131028AAB,0.00434973073095475,1.625,0.9052132701421801,12
IND473331AAA,IND473226AAA,0.000999144497404129,1.736842105,0.9047619047619048,7
IND501359AAE,IND500039AAC,0.008942303571683657,1.75,0.9047619047619048,6
IND501359AAE,IND518002AAA,0.001809411798317247,1.460606061,0.9042553191489362,12
IND000000ACB,IND382430AAB,0.02781177038246839,1.590909091,0.9030023094688222,13
IND521225AAB,IND501359AAE,0.002085585178060406,1.551378446,0.9027777777777778,6
IND322241AAA,IND322201AAA,1.1904024988929257e-05,1.888888889,0.9024390243902439,12
IND416602AAC,IND411033AAA,0.0009983508957382005,1.6754385965,0.9024390243902439,7
IND144040AAA,IND144001AAB,0.002995052687214601,2.025,0.9,7
IND533106AAA,IND533308AAB,0.0009983508957382005,3.25,0.9,7
IND175001AAA,IND175101AAA,0.0009999380990700576,1.4066091955000002,0.9,10
IND160002AAC,IND173212AAA,0.0009983508957382005,1.5960144925,0.9,13
IND683511AAA,IND686028AAB,0.009927956840767001,1.5483870965,0.9,7
IND505327AAA,IND505425AAA,0.001998288994808258,1.3606811145000002,0.9,7
IND721134AAB,IND721139AAC,0.002995052687214601,1.625,0.9,10
IND303702AAB,IND332404AAA,0.000988827675747057,1.4852941175,0.9,5
IND676306AAA,IND676509AAA,3.1744066637144687e-06,1.7083333335000002,0.9,5
IND160002AAC,IND110037AAM,0.005904396394508912,1.836021505,0.9,7
IND000000AFT,IND410210AAA,0.0009999380990700576,3.1,0.9,9
IND457226AAA,IND382430AAB,0.0009983508957382005,1.588235294,0.8978102189781022,11
IND562132AAA,IND462022AAA,0.0062543747291834316,1.588235294,0.8977635782747604,7
IND322230AAA,IND322241AAA,3.1744066637144687e-06,1.6,0.8974358974358975,13
IND781018AAB,IND793001AAA,0.000999144497404129,2.192307692,0.896551724137931,10
IND585104AAA,IND586128AAA,0.0009983508957382005,1.428571429,0.8961038961038961,9
IND751002AAB,IND530012AAA,0.011681022920803317,1.571428571,0.8959537572254336,10
IND620020AAA,IND621112AAA,7.142414993357555e-06,1.875,0.8958333333333334,24
IND000000ACB,IND842001AAA,0.02422469085247104,1.6203346205,0.8949771689497716,12
IND000000ACB,IND712311AAA,0.03906901001366582,1.631578947,0.8942307692307693,34
IND110037AAM,IND110035AAC,0.0009999380990700576,1.888888889,0.8936170212765957,25
IND560300AAA,IND563101AAB,0.003980705956297944,1.666666667,0.8928571428571429,5
IND122004AAA,IND122413AAE,0.0009999380990700576,1.6,0.8925619834710744,32
IND000000ACB,IND421302AAG,0.011052490401387852,1.647058824,0.8920409771473601,26
IND224001AAA,IND224141AAB,1.5872033318572343e-06,3.0,0.8918918918918919,10
IND421302AAG,IND422011AAD,0.006966235423521401,1.6875,0.891566265060241,14
IND263153AAB,IND131028AAB,0.009920020824107714,1.695652174,0.8899082568807339,10
IND301019AAA,IND301705AAA,0.0009975572940722718,2.7381404175,0.8888888888888888,6
IND622407AAA,IND622001AAA,3.968008329643086e-06,1.384615385,0.8888888888888888,9
IND500008AAD,IND501359AAE,0.0009999380990700576,2.142857143,0.8888888888888888,5
IND441904AAB,IND441912AAA,1.5872033318572343e-06,1.6,0.8888888888888888,12
IND342301AAA,IND342005AAD,0.003987054769625372,1.7017045455000002,0.8888888888888888,10
IND124141AAA,IND000000ACB,0.001996701791476401,1.724137931,0.8888888888888888,7
IND606801AAB,IND632006AAA,0.001996701791476401,2.0,0.8888888888888888,9
IND842001AAA,IND845418AAB,0.0009983508957382005,2.384615385,0.8888888888888888,6
IND000000ACB,IND302014AAA,0.024392934405647906,1.6,0.8888888888888888,24
IND400015AAB,IND400072AAB,9.523219991143405e-06,3.6,0.8888888888888888,5
IND303106AAA,IND303002AAA,1.5872033318572343e-06,1.315789474,0.8888888888888888,6
IND382430AAB,IND380005AAA,0.0009983508957382005,1.933333333,0.8888888888888888,23
IND683565AAA,IND683511AAA,0.000999144497404129,1.666666667,0.8888888888888888,9
IND124103AAA,IND127021AAA,1.5872033318572343e-06,1.726436782,0.8888888888888888,6
IND500039AAC,IND500035AAD,0.0009999380990700576,2.636363636,0.8888888888888888,5
IND413401AAA,IND411033AAA,0.000995176489074486,1.666666667,0.8888888888888888,12
IND480001AAA,IND480661AAA,7.936016659286172e-07,1.531372549,0.8888888888888888,6
IND600056AAB,IND600110AAA,0.001998288994808258,1.6754385965,0.8875,20
IND523002AAA,IND600056AAB,0.0005459979461588886,1.666666667,0.8865248226950354,11
IND501359AAE,IND413002AAA,0.0009745428457603419,1.875,0.8863636363636364,11
IND781018AAB,IND110037AAM,0.03913408535027197,1.75,0.88625,12
IND000000ACB,IND121004AAB,0.006438490315678871,1.642857143,0.8854961832061069,23
IND160002AAC,IND151001AAA,0.0068773520369373965,1.531372549,0.8854166666666666,13
IND395023AAA,IND110037AAM,0.004674313812319555,1.6,0.8850987432675045,13
IND600008AAA,IND600044AAC,2.3808049977858513e-06,2.292857143,0.8846153846153846,11
IND625106AAA,IND625008AAA,3.9680083296430855e-05,1.7453703704999999,0.8846153846153846,13
IND281121AAB,IND110037AAM,0.0009999380990700576,1.75,0.8846153846153846,9
IND501359AAE,IND462022AAA,0.0037878607514772898,1.735087719,0.8841059602649006,10
IND360530AAB,IND362001AAA,7.936016659286172e-06,1.666666667,0.8840579710144928,11
IND382430AAB,IND395023AAA,0.010058901115645223,1.63245614,0.884,25
IND580028AAA,IND581402AAA,0.00012538906321672152,1.454545455,0.8833333333333333,15
IND600056AAB,IND605010AAB,0.009920020824107714,1.416666667,0.8831168831168831,13
IND382421AAA,IND382430AAB,0.0009983508957382005,2.0625,0.8823529411764706,10
IND600056AAB,IND632006AAA,0.00026982456641572985,1.647058824,0.8823529411764706,13
IND000000ACB,IND821115AAB,0.007899510982653455,1.764705882,0.8800773694390716,14
IND683511AAA,IND68004AAA,0.000996763692406343,1.333333333,0.88,13
IND282001AAF,IND283122AAB,0.0009999380990700576,2.111111111,0.8787878787878788,12
IND248001AAA,IND131028AAB,0.0039838803629616585,1.71875,0.8764044943820225,11
IND421302AAG,IND413002AAA,0.0018157606116446761,1.677419355,0.8761061946902655,7
IND736146AAA,IND736135AAA,4.7616099955717026e-06,1.6048632215,0.875,8
IND563125AAB,IND560300AAB,3.1744066637144687e-06,1.6125,0.875,8
IND110037AAM,IND000000ACB,0.020159069517918734,1.5762962965,0.875,12
IND600044AAD,IND603001AAA,0.000999144497404129,2.1055555555,0.875,10
IND843105AAB,IND848101AAA,0.001998288994808258,2.0,0.875,14
IND400102AAC,IND400052AAA,0.0009999380990700576,4.007142857,0.875,6
IND140301AAA,IND140001AAA,1.5872033318572343e-06,2.0,0.875,13
IND560064AAD,IND560043AAC,0.0009999380990700576,2.071428571,0.8727272727272727,28
IND209304AAA,IND209801AAA,0.0009999380990700576,2.0,0.8727272727272727,13
IND303503AAA,IND302014AAB,1.1904024988929257e-05,1.666666667,0.8723404255319149,8
IND312001AAA,IND311001AAA,6.348813327428937e-06,1.5,0.8717948717948718,13
IND421302AAG,IND110037AAM,0.01130564933281908,1.666666667,0.8716502115655853,14
IND121004AAB,IND121102AAA,0.0009999380990700576,1.857142857,0.8712121212121212,28
IND431136AAC,IND431001AAA,0.0009999380990700576,2.2,0.8695652173913043,12
IND624001AAA,IND625008AAA,0.0001111042332300064,1.428571429,0.8695652173913043,9
IND515004AAA,IND515401AAB,0.0009983508957382005,1.6966911765,0.868421052631579,13
IND416510AAA,IND416606AAA,0.0009999380990700576,1.666666667,0.868421052631579,8
IND518102AAA,IND518002AAA,0.000999144497404129,1.8579545455000002,0.8653846153846154,10
IND501359AAE,IND500050AAA,0.0029926718822168154,1.666666667,0.8653846153846154,14
IND571432AAB,IND571426AAA,0.0009999380990700576,1.4222222219999998,0.8636363636363636,11
IND641664AAA,IND638657AAA,1.428482998671511e-05,1.4365079365,0.8636363636363636,11
IND845412AAB,IND845401AAA,1.5872033318572343e-06,2.0,0.8636363636363636,11
IND273304AAA,IND273014AAB,0.0009983508957382005,2.428571429,0.863013698630137,12
IND811399AAA,IND209304AAA,0.00023252528811708482,1.5131578945,0.8627450980392157,6
IND423701AAB,IND422011AAD,0.001994320986478615,1.714285714,0.8623853211009175,12
IND210501AAB,IND209304AAA,0.0009999380990700576,2.5,0.8607594936708861,10
IND396191AAC,IND421302AAG,0.00294981739225667,1.793103448,0.8604651162790697,8
IND000000ACB,IND209304AAA,0.029599754935805564,1.826086957,0.8603351955307262,10
IND683572AAA,IND680307AAA,0.0009999380990700576,1.8333333335000002,0.8571428571428571,7
IND284001AAA,IND284403AAA,0.0009999380990700576,1.5625,0.8571428571428571,5
IND680012AAA,IND679303AAA,0.000999144497404129,1.4,0.8571428571428571,7
IND312605AAB,IND458001AAB,0.000999144497404129,1.8592592595,0.8571428571428571,7
IND600116AAB,IND602024AAA,0.000999144497404129,2.2,0.8571428571428571,7
IND600044AAD,IND600048AAA,0.000999144497404129,2.9375,0.8571428571428571,8
IND571213AAA,IND571114AAA,0.001998288994808258,1.3751219510000001,0.8571428571428571,6
IND000000ACB,IND390022AAA,0.0021927214029607693,1.592592593,0.8566308243727598,8
IND600056AAB,IND600032AAB,0.000995176489074486,1.7386363635,0.855072463768116,36
IND000000ACB,IND600056AAB,0.017463998260425148,1.612903226,0.8546762589928057,10
IND563131AAA,IND563125AAB,7.936016659286172e-07,1.636363636,0.8545454545454545,11
IND144001AAC,IND160002AAC,0.000982478862419628,2.0,0.8535353535353535,12
IND174101AAB,IND160002AAC,0.000999144497404129,3.0852272725,0.8529411764705882,9
IND786001AAB,IND786602AAA,0.0009999380990700576,1.555555556,0.8529411764705882,10
IND581402AAA,IND577401AAA,1.111042332300064e-05,1.5,0.8518518518518519,9
IND411033AAA,IND403726AAA,0.008620101295316639,1.6771235525,0.8502994011976048,20
IND834002AAB,IND826004AAA,6.190092994243214e-05,2.25,0.8502673796791443,14
IND591302AAB,IND580028AAA,0.0009983508957382005,1.777777778,0.85,5
IND561202AAB,IND515134AAA,0.001997495393142329,1.75,0.8493150684931506,11
IND501359AAE,IND515004AAA,0.0015681568918749476,1.5147058825,0.8492063492063492,9
IND302014AAB,IND302023AAA,1.3491228320786492e-05,2.0,0.8484848484848485,12
IND206122AAA,IND206001AAA,0.0007999504792560461,1.470588235,0.8484848484848485,11
IND821115AAB,IND209304AAA,0.001042792589030203,1.666666667,0.8469387755102041,5
IND509301AAA,IND501359AAE,0.000999144497404129,1.526315789,0.8461538461538461,13
IND362560AAA,IND362150AAA,7.936016659286172e-06,1.6,0.8444444444444444,8
IND110037AAM,IND202001AAB,0.0023189040678434194,1.52,0.8434782608695652,20
IND560043AAC,IND560064AAA,0.0009999380990700576,1.5147058825,0.8421052631578947,27
IND563101AAB,IND563131AAA,0.000999144497404129,1.5634920635,0.8421052631578947,11
IND395023AAD,IND395006AAA,6.348813327428937e-06,1.833333333,0.8421052631578947,14
IND495677AAA,IND496001AAA,7.936016659286172e-07,2.0,0.8421052631578947,5
IND000000ACB,IND834002AAB,0.003935470661340012,1.527863777,0.8415841584158416,9
IND395023AAA,IND411033AAA,0.00019760681481622569,1.608695652,0.8414634146341463,6
IND201007AAA,IND245304AAA,0.001998288994808258,1.75,0.8409090909090909,11
IND000000ACB,IND121002AAB,0.0009999380990700576,1.666666667,0.8401826484018264,38
IND742401AAA,IND742102AAB,4.7616099955717026e-06,2.268292683,0.84,5
IND523230AAA,IND523105AAA,1.5872033318572343e-06,1.476190476,0.8387096774193549,12
IND110044AAB,IND110030AAD,2.3808049977858513e-06,1.666666667,0.8372093023255814,22
IND177033AAA,IND160002AAC,0.002995052687214601,1.722222222,0.8369565217391305,12
IND600056AAB,IND560099AAB,0.0006975758643512545,1.571428571,0.8356164383561644,13
IND411033AAA,IND416012AAA,0.0008459793758799059,1.476190476,0.8347107438016529,13
IND802212AAA,IND821115AAB,0.001997495393142329,1.5080492425,0.8333333333333334,5
IND176201AAA,IND176303AAA,7.936016659286172e-07,1.4830357145000002,0.8333333333333334,9
IND209304AAA,IND209101AAA,0.002991084678884958,2.619047619,0.8333333333333334,11
IND110037AAM,IND201007AAA,0.00037696079131609313,2.116883117,0.8333333333333334,6
IND000000ACA,IND142401AAA,0.0009975572940722718,2.40625,0.8333333333333334,6
IND591201AAA,IND591304AAA,0.0010015253024019148,1.5191304350000001,0.8333333333333334,8
IND411033AAA,IND413002AAA,0.002408581056093353,1.466666667,0.8333333333333334,17
IND504215AAA,IND505001AAB,0.001998288994808258,1.5857843135,0.8333333333333334,10
IND421302AAG,IND501359AAE,0.006912270510238255,1.764705882,0.8333333333333334,17
IND722143AAB,IND723133AAA,0.0009999380990700576,1.523809524,0.8333333333333334,9
IND630002AAA,IND622407AAA,6.348813327428937e-06,1.3762626265,0.8333333333333334,9
IND000000AFT,IND410209AAA,0.0009999380990700576,2.0,0.8333333333333334,22
IND360575AAA,IND360510AAB,9.523219991143405e-06,1.55,0.8333333333333334,8
IND606803AAA,IND606801AAB,0.0009999380990700576,1.3414855075,0.8333333333333334,10
IND625531AAA,IND625516AAA,1.5872033318572343e-06,1.263888889,0.8333333333333334,6
IND518002AAA,IND518501AAA,0.0009983508957382005,1.511904762,0.8333333333333334,14
IND411033AAA,IND411014AAA,0.002995052687214601,2.0,0.8333333333333334,31
IND160002AAC,IND142001AAB,0.0009769236507581277,1.705882353,0.8333333333333334,12
IND000000ACB,IND302022AAD,0.0009999380990700576,1.529411765,0.832,14
IND244221AAA,IND131028AAB,0.000984859667417414,1.523809524,0.8314606741573034,15
IND382430AAB,IND364004AAB,0.003990229176289087,1.615384615,0.8311688311688312,11
IND786001AAB,IND786171AAA,0.0009975572940722718,2.0,0.8297872340425532,8
IND825409AAA,IND000000ACB,0.0018538534916092498,1.594117647,0.8294797687861272,8
IND501359AAE,IND501141AAA,0.0009983508957382005,1.5,0.8285714285714286,7
IND635802AAB,IND635601AAB,0.0009999380990700576,1.625,0.8285714285714286,7
IND140118AAA,IND160002AAC,0.001996701791476401,1.6,0.828125,13
IND515801AAA,IND515865AAB,1.5872033318572343e-06,1.546920821,0.8269230769230769,13
IND000000ACB,IND000000AEL,0.0009999380990700576,1.6833333335,0.826530612244898,17
IND000000ACB,IND124112AAA,0.0009872404724151997,1.52,0.8260869565217391,5
IND562132AAA,IND560002AAA,0.0008785170441829792,2.153846154,0.8253968253968254,21
IND562132AAA,IND302014AAA,0.024922266716822294,1.617216117,0.8223140495867769,7
IND562132AAA,IND560043AAC,0.0028236347273740197,1.555555556,0.8222222222222222,15
IND509001AAA,IND509203AAA,0.000999144497404129,1.583333333,0.8214285714285714,14
IND501359AAE,IND509001AAA,0.001997495393142329,1.411764706,0.82,13
IND000000ACB,IND501359AAE,0.028736316323275227,1.611111111,0.8194207836456558,21
IND203131AAA,IND203135AAA,0.001998288994808258,1.5192592595,0.8181818181818182,11
IND624619AAA,IND624601AAA,7.301135326543279e-05,1.416666667,0.8181818181818182,6
IND122001AAD,IND122050AAA,0.0009999380990700576,2.0,0.8181818181818182,8
IND829121AAA,IND834002AAB,0.000999144497404129,2.0,0.8181818181818182,6
IND203396AAB,IND203390AAA,0.0009975572940722718,1.3911764705,0.8181818181818182,11
IND581343AAC,IND581314AAA,0.0009959700907404146,1.76,0.8181818181818182,6
IND411033AAA,IND562132AAA,0.014064208723586954,1.5,0.8168168168168168,10
IND751002AAB,IND760003AAB,0.001996701791476401,2.0,0.8166666666666667,8
IND712311AAA,IND751002AAB,0.006001215797752203,1.588235294,0.8157894736842105,23
IND742101AAC,IND742303AAB,0.000995176489074486,2.571428571,0.8148148148148148,7
IND641062AAD,IND642126AAA,1.3491228320786492e-05,1.333333333,0.8148148148148148,12
IND421302AAG,IND410401AAA,0.0009999380990700576,2.0,0.813953488372093,11
IND811399AAA,IND110044AAB,0.0005674251911389613,1.5,0.813953488372093,25
IND854326AAB,IND000000ACB,0.014534814511482624,1.555555556,0.8137583892617449,12
IND742226AAA,IND742101AAC,0.00497588244537243,1.9594594595000001,0.8125,6
IND632402AAA,IND631102AAA,0.0004896522278779568,1.52173913,0.8125,11
IND411033AAA,IND521225AAB,0.0014253085920077964,1.65,0.8123167155425219,10
IND125001AAA,IND110037AAM,0.0012816666904747168,1.625,0.8108108108108109,6
IND786181AAC,IND786001AAB,0.0029926718822168154,2.0454545455,0.8103448275862069,8
IND562132AAA,IND000000ACB,0.046555848130036395,1.470588235,0.8098644578313253,35
IND742102AAB,IND742303AAB,6.348813327428937e-06,2.571428571,0.8095238095238095,6
IND131028AAB,IND201204AAA,0.0009983508957382005,1.708333333,0.8095238095238095,7
IND332404AAA,IND332001AAB,1.111042332300064e-05,1.421052632,0.8095238095238095,7
IND560058AAB,IND560060AAB,7.142414993357555e-06,1.5,0.8095238095238095,32
IND508223AAA,IND500039AAC,0.0009983508957382005,1.697222222,0.8076923076923077,11
IND562132AAA,IND421302AAG,0.017568753680327728,1.473684211,0.8062015503875969,7
IND834002AAB,IND827013AAA,0.000999144497404129,2.625,0.8059701492537313,14
IND000000ACB,IND201301AAM,0.0009999380990700576,1.6754385965,0.8058252427184466,27
IND642001AAA,IND641062AAD,1.3491228320786492e-05,1.4083333335,0.8055555555555556,12
IND562132AAA,IND416012AAA,0.010523158090213463,1.411764706,0.8053691275167785,12
IND411033AAA,IND411036AAA,0.0009999380990700576,1.7,0.8028169014084507,24
IND626607AAB,IND625008AAA,0.000128563469880436,1.405405405,0.8,7
IND362150AAA,IND362001AAA,1.428482998671511e-05,1.555555556,0.8,8
IND591304AAA,IND586101AAA,3.1744066637144687e-06,1.6,0.8,8
IND000000AEM,IND110037AAB,1.5872033318572343e-06,1.818181818,0.8,11
IND242307AAB,IND242221AAA,7.936016659286172e-07,1.4210526319999999,0.8,5
IND136118AAA,IND136128AAA,0.002995052687214601,1.3484848485,0.8,15
IND403726AAB,IND403601AAA,3.968008329643086e-06,1.5,0.8,5
IND416012AAA,IND395023AAA,0.0014856223186183713,1.529411765,0.8,13
IND505001AAA,IND505302AAB,0.0009999380990700576,1.375,0.8,5
IND389001AAA,IND389151AAA,0.001998288994808258,1.555555556,0.8,15
IND000000ACB,IND521225AAB,0.014191184990135532,1.5,0.7973421926910299,5
IND000000AEM,IND110064AAB,1.5872033318572343e-06,1.555555556,0.796875,11
IND494334AAB,IND493445AAB,7.936016659286172e-07,1.5993589739999998,0.7962962962962963,9
IND283203AAA,IND110037AAM,0.000999144497404129,1.8416666665,0.7959183673469388,10
IND691001AAB,IND691506AAA,0.0019959081898104723,1.4272727275000001,0.7954545454545454,15
IND209304AAA,IND206122AAA,0.00027141176974758706,1.472222222,0.7941176470588235,12
IND814133AAB,IND816109AAA,0.0009975572940722718,1.608695652,0.7931034482758621,11
IND501359AAE,IND500080AAB,0.001998288994808258,1.5625,0.7916666666666666,17
IND421802AAA,IND411033AAA,0.0009983508957382005,1.3708333335,0.7916666666666666,7
IND680712AAA,IND683511AAA,0.0009983508957382005,1.4575163395,0.7916666666666666,6
IND333042AAA,IND333031AAA,1.5872033318572343e-06,1.4,0.7916666666666666,8
IND400705AAA,IND421302AAH,0.0009999380990700576,2.4833333335,0.7916666666666666,10
IND712311AAA,IND834002AAB,0.0007229711176609703,1.555555556,0.7913669064748201,11
IND000000ACB,IND110037AAK,0.0009999380990700576,1.5,0.7904761904761904,26
IND000000ACB,IND751002AAB,0.016014881618439496,1.5,0.7899045020463847,13
IND000000ACB,IND110043AAA,0.001998288994808258,1.838888889,0.7894736842105263,10
IND209304AAA,IND208006AAA,0.0009999380990700576,2.0,0.7894736842105263,7
IND303008AAB,IND303338AAB,1.5872033318572343e-06,1.555555556,0.7857142857142857,5
IND680104AAA,IND679576AAA,0.0009999380990700576,1.470588235,0.7857142857142857,12
IND562132AAA,IND573201AAB,0.012669056994884444,1.5,0.7857142857142857,16
IND425412AAA,IND425409AAA,0.0009975572940722718,2.162280702,0.7857142857142857,7
IND285001AAD,IND285205AAB,3.968008329643086e-06,1.5549450545,0.7857142857142857,14
IND313324AAA,IND313001AAB,0.0009959700907404146,1.705882353,0.7804878048780488,14
IND635802AAB,IND562132AAA,0.0011189783489593502,1.558823529,0.7804878048780488,6
IND679531AAA,IND680587AAA,0.000999144497404129,1.477777778,0.7777777777777778,9
IND415409AAB,IND415124AAA,0.000999144497404129,2.0,0.7777777777777778,9
IND509216AAC,IND501359AAE,0.0009983508957382005,1.428571429,0.7777777777777778,6
IND176303AAA,IND176310AAA,7.936016659286172e-07,1.328125,0.7777777777777778,9
IND637408AAA,IND637001AAA,7.936016659286172e-07,1.6095238095000002,0.7777777777777778,10
IND614809AAA,IND610001AAA,0.000999144497404129,1.763888889,0.7777777777777778,12
IND328001AAA,IND474003AAA,6.031372661057491e-05,1.441558442,0.7777777777777778,6
IND411033AAA,IND501359AAE,0.005871858726205838,1.5,0.7756653992395437,11
IND388620AAB,IND388320AAA,0.001998288994808258,1.7916666664999998,0.775,8
IND735224AAA,IND736146AAA,3.1744066637144687e-06,1.333333333,0.7727272727272727,8
IND501359AAE,IND585104AAA,0.0079479206842751,1.6055555555,0.7727272727272727,14
IND673592AAA,IND562132AAA,0.003990229176289087,1.7460254375000002,0.7711864406779662,12
IND577201AAA,IND562132AAA,0.003871982528065723,1.6568627455,0.77,10
IND248197AAA,IND248122AAB,0.0009999380990700576,2.222222222,0.7692307692307693,9
IND522647AAA,IND523201AAA,0.0009999380990700576,1.299107143,0.7692307692307693,13
IND577535AAC,IND577522AAA,0.0009959700907404146,1.5,0.7692307692307693,10
IND686028AAB,IND689101AAA,0.0029926718822168154,1.3166666665,0.7666666666666667,10
IND131021AAA,IND131028AAA,7.936016659286172e-07,1.6125,0.7647058823529411,42
IND141115AAA,IND000000ACA,0.001996701791476401,1.444444444,0.7647058823529411,14
IND110044AAB,IND131028AAB,0.00027696698140908737,1.618181818,0.7642857142857142,28
IND000000ABD,IND562132AAA,0.0019951145881445436,1.428571429,0.7638888888888888,12
IND577522AAA,IND562132AAA,0.001994320986478615,1.353889943,0.7631578947368421,10
IND110043AAA,IND110078AAA,0.0009999380990700576,1.4365079365,0.7619047619047619,22
IND603301AAA,IND600044AAD,0.000999144497404129,1.666666667,0.7613636363636364,11
IND642126AAA,IND642001AAA,7.936016659286172e-07,1.333333333,0.7608695652173914,12
IND000000ACB,IND328001AAA,0.0038727761297316517,1.5,0.76,5
IND600056AAB,IND600076AAB,0.000999144497404129,1.555555556,0.7586206896551724,8
IND303301AAB,IND303303AAA,2.3808049977858513e-06,1.333333333,0.7575757575757576,10
IND501359AAE,IND523002AAA,0.0074090651531095696,1.5,0.7552447552447552,12
IND562132AAA,IND560099AAB,0.003475975296767343,1.4375,0.7546174142480211,100
IND637211AAA,IND636402AAA,7.936016659286172e-07,1.384615385,0.7538461538461538,11
IND600032AAB,IND600044AAD,3.968008329643086e-06,1.65,0.75,12
IND562132AAA,IND560300AAA,0.007809040392737593,1.5,0.75,100
IND826004AAA,IND815351AAA,0.0009983508957382005,1.8889860139999999,0.75,6
IND742401AAA,IND742101AAC,0.0029863230688893863,2.1666666665000003,0.75,5
IND641062AAD,IND641607AAA,5.55521166150032e-05,1.6346153845,0.75,12
IND560099AAB,IND560085AAA,3.1744066637144687e-06,2.2666666665,0.75,12
IND247554AAA,IND248001AAA,0.0010031125057337721,1.526315789,0.75,9
IND277201AAA,IND221706AAA,0.000999144497404129,2.0069444445,0.75,5
IND501359AAE,IND500010AAA,0.003990229176289087,1.6442687745,0.75,10
IND673104AAA,IND673506AAA,6.348813327428937e-06,1.55,0.75,12
IND460001AAA,IND480334AAA,3.1744066637144687e-06,1.482142857,0.75,14
IND814101AAB,IND816107AAA,0.0009999380990700576,1.3666666665,0.75,7
IND160002AAC,IND174001AAA,0.004982231258699859,1.52,0.7450980392156863,11
IND638657AAA,IND638701AAA,1.5872033318572343e-06,1.5,0.7441860465116279,12
IND562132AAA,IND560078AAC,0.0009832724640855568,1.519230769,0.7419354838709677,21
IND302014AAB,IND302020AAA,1.3491228320786492e-05,2.0,0.7391304347826086,13
IND384355AAB,IND385001AAA,1.5872033318572343e-06,1.553846154,0.7368421052631579,8
IND792103AAB,IND792001AAA,0.0009983508957382005,1.375,0.7368421052631579,5
IND842001AAA,IND843329AAB,0.0009999380990700576,1.310344828,0.7333333333333333,7
IND160002AAC,IND184104AAA,0.000996763692406343,1.5,0.7333333333333333,5
IND560099AAB,IND683511AAA,0.0007499535743025433,1.388888889,0.7309417040358744,14
IND209304AAA,IND208012AAA,0.0009999380990700576,2.0,0.7307692307692307,13
IND411033AAA,IND000000ACB,0.03102982513780893,1.5,0.7280966767371602,13
IND562132AAA,IND560058AAD,0.000999144497404129,1.6583333335,0.7272727272727273,42
IND458001AAB,IND458990AAA,7.936016659286172e-07,1.476190476,0.7272727272727273,6
IND560002AAA,IND560099AAB,0.00010872342823222055,1.5625,0.7241379310344828,14
IND000000ACB,IND110085AAB,0.004606857670715623,1.454545455,0.7226890756302521,18
IND345021AAA,IND342301AAA,0.0009983508957382005,1.299107143,0.7222222222222222,6
IND562132AAA,IND000000ACS,0.0018840103549145372,1.6,0.7222222222222222,6
IND560300AAA,IND560078AAC,6.348813327428937e-06,2.5454545455,0.7222222222222222,9
IND000000ACB,IND110030AAD,0.0009975572940722718,1.5777777780000002,0.7222222222222222,22
IND000000ACB,IND462022AAA,0.0216113605665681,1.454545455,0.7218543046357616,12
IND411033AAA,IND411021AAA,0.0009999380990700576,1.7,0.72,22
IND411033AAA,IND400072AAB,0.007865386111018524,1.925925926,0.72,5
IND562132AAA,IND560085AAA,0.0009840660657514852,1.5857142855,0.71875,11
IND411033AAA,IND421302AAG,0.0024617523677105705,1.366666667,0.7184684684684685,92
IND302014AAA,IND110037AAM,0.01206353892378091,1.428571429,0.7142857142857143,7
IND141003AAB,IND000000ACA,0.000999144497404129,1.818181818,0.7142857142857143,7
IND110044AAB,IND000000ACB,0.001965751326505185,1.440972222,0.7138728323699421,59
IND600056AAB,IND600044AAE,0.0009999380990700576,1.6,0.7088607594936709,26
IND302014AAB,IND302006AAA,1.3491228320786492e-05,1.6979166664999998,0.7083333333333334,12
IND581303AAA,IND581400AAB,7.936016659286172e-07,1.5,0.7083333333333334,12
IND623315AAB,IND614620AAA,1.5872033318572343e-06,1.55,0.7083333333333334,12
IND400701AAA,IND410206AAA,7.936016659286172e-07,1.6,0.7037037037037037,9
IND683511AAA,IND000000ADM,0.0009999380990700576,1.519047619,0.7,8
IND581400AAB,IND581325AAA,1.666563498450096e-05,1.618644068,0.7,12
IND415408AAC,IND416012AAA,0.000999144497404129,3.903133903,0.7,7
IND683511AAA,IND680104AAA,0.001998288994808258,1.416666667,0.696969696969697,11
IND160002AAC,IND160102AAC,0.0009999380990700576,1.625,0.6956521739130435,24
IND508377AAB,IND501359AAE,0.0019959081898104723,1.4891304349999999,0.6956521739130435,10
IND562132AAA,IND560058AAB,0.0008801042475148365,1.666666667,0.6956521739130435,13
IND571313AAB,IND571440AAA,0.0010015253024019148,1.257142857,0.6923076923076923,7
IND305404AAA,IND305601AAC,0.002987116670555315,1.3095238095,0.6923076923076923,9
IND560099AAB,IND560078AAC,1.0316821657072023e-05,1.4907407405000002,0.6904761904761905,21
IND521225AAB,IND507002AAA,0.0073622426548197815,1.4095860565,0.6875,14
IND302014AAB,IND303901AAA,2.539525330971575e-05,1.333333333,0.6875,6
IND481661AAA,IND842003AAB,0.0009975572940722718,2.6474074075000003,0.6875,5
IND362001AAA,IND360575AAA,1.5872033318572344e-05,1.375,0.6857142857142857,7
IND560099AAB,IND560300AAA,6.348813327428938e-05,1.52173913,0.6839506172839506,81
IND691001AAB,IND683511AAA,0.016783088031058397,1.333333333,0.6825396825396826,9
IND209304AAA,IND209206AAB,0.001998288994808258,1.5,0.6818181818181818,12
IND000000ACT,IND131028AAB,4.999690495350288e-05,1.523809524,0.6814814814814815,32
IND383315AAC,IND383255AAB,7.936016659286172e-07,1.321428571,0.68,8
IND502110AAA,IND502313AAA,0.001996701791476401,1.272727273,0.6785714285714286,14
IND628613AAA,IND627005AAA,1.0316821657072023e-05,1.333333333,0.6756756756756757,10
IND562132AAA,IND600056AAB,0.025805545371000844,1.333333333,0.6752136752136753,9
IND134203AAA,IND140501AAA,7.936016659286172e-07,1.732142857,0.675,10
IND606201AAC,IND605601AAA,0.0029918782805508867,1.6458333335000002,0.6727272727272727,12
IND742226AAA,IND742102AAB,7.936016659286172e-06,2.0,0.6666666666666666,5
IND614715AAA,IND614809AAA,7.936016659286172e-07,1.8675213675,0.6666666666666666,12
IND626117AAA,IND626138AAA,1.9840041648215428e-05,1.24,0.6666666666666666,9
IND413709AAA,IND423109AAA,0.0009975572940722718,1.618181818,0.6666666666666666,10
IND624001AAA,IND624619AAA,8.729618325214788e-05,1.409090909,0.6666666666666666,8
IND685514AAA,IND625008AAA,7.301135326543279e-05,1.4325757575,0.6666666666666666,6
IND244901AAB,IND246725AAB,0.0019959081898104723,1.382783883,0.6666666666666666,9
IND524201AAA,IND523002AAA,0.0009983508957382005,1.280392157,0.6666666666666666,12
IND384170AAA,IND384265AAB,1.5872033318572343e-06,1.272727273,0.6666666666666666,7
IND742223AAA,IND742226AAA,0.003990229176289087,1.714285714,0.6666666666666666,10
IND201007AAB,IND110044AAB,0.0009912084807448427,1.370879121,0.6666666666666666,10
IND133004AAA,IND135001AAA,0.0009999380990700576,1.47826087,0.6666666666666666,5
IND243301AAB,IND244901AAB,0.001996701791476401,1.3125,0.6666666666666666,7
IND263153AAB,IND244715AAA,0.001996701791476401,1.682926829,0.6666666666666666,11
IND625532AAA,IND625531AAA,2.0633643314144045e-05,1.391304348,0.6666666666666666,5
IND207302AAA,IND202001AAB,0.003990229176289087,2.5,0.6666666666666666,6
IND562132AAA,IND560048AAB,0.0026379319375467235,1.4450549455,0.6590909090909091,11
IND302014AAB,IND303008AAB,1.1904024988929257e-05,1.428571429,0.6571428571428571,5
IND600056AAB,IND605601AAA,0.006966235423521401,1.333333333,0.6571428571428571,6
IND388121AAA,IND388620AAB,0.0009999380990700576,1.375,0.6551724137931034,6
IND000000ACB,IND110064AAA,0.0027688762124249452,1.363636364,0.6547085201793722,38
IND000000ACT,IND000000ACB,0.0008864530608422654,1.333333333,0.6545454545454545,71
IND562132AAA,IND560083AAB,0.000995176489074486,1.375,0.6510067114093959,39
IND641654AAA,IND641664AAA,1.5872033318572343e-06,1.6,0.65,7
IND802301AAA,IND804401AAA,1.5872033318572343e-06,1.9706349209999998,0.65,10
IND341505AAA,IND341503AAB,2.3808049977858513e-06,1.25,0.6470588235294118,6
IND562132AAA,IND560060AAB,0.000880897849180765,1.3660714285,0.6470588235294118,16
IND201301AAL,IND201301AAF,0.001998288994808258,1.4696969700000002,0.6428571428571429,7
IND209625AAA,IND241124AAB,0.001998288994808258,1.4827586204999998,0.6428571428571429,6
IND244901AAB,IND244221AAA,1.5078431652643727e-05,1.3585714285,0.6428571428571429,14
IND206001AAA,IND000000ACB,0.001726877225060671,1.3550420165000001,0.6410256410256411,13
IND262501AAA,IND263153AAB,0.0009983508957382005,1.303030303,0.64,5
IND562132AAA,IND518002AAA,0.013023003337888608,1.311422414,0.6369047619047619,12
IND562132AAA,IND515004AAA,0.011307236536150938,1.333333333,0.6296296296296297,9
IND502220AAC,IND501359AAE,0.0029879102722212437,1.52,0.6266666666666667,15
IND507117AAB,IND507303AAA,1.5872033318572343e-06,1.5,0.625,12
IND390022AAA,IND388320AAA,1.1904024988929257e-05,1.428571429,0.625,12
IND843109AAB,IND843126AAA,7.936016659286172e-07,1.384615385,0.6111111111111112,6
IND847212AAA,IND847226AAA,7.936016659286172e-07,2.0,0.6071428571428571,14
IND160002AAC,IND140301AAA,0.0009983508957382005,1.4259259255,0.6071428571428571,14
IND000000ACB,IND122001AAA,0.005975820544442487,1.307692308,0.6068965517241379,39
IND626138AAA,IND625008AAA,3.729927829864501e-05,1.3,0.6060606060606061,11
IND303303AAA,IND322230AAA,1.3491228320786492e-05,1.25,0.6057692307692307,13
IND638501AAB,IND641062AAD,2.539525330971575e-05,1.333333333,0.6,11
IND201301AAL,IND201307AAA,0.0009999380990700576,1.267857143,0.6,5
IND382430AAB,IND370201AAA,0.0049798504537020725,1.27027027,0.6,12
IND605601AAA,IND636102AAA,0.0009999380990700576,1.35,0.6,6
IND151505AAA,IND151506AAA,7.936016659286172e-07,1.769230769,0.6,5
IND144001AAB,IND144401AAB,0.0009999380990700576,1.3666666665,0.6,11
IND131028AAB,IND244001AAA,0.0009920020824107714,1.541666667,0.5959595959595959,13
IND480886AAA,IND480001AAA,0.000999144497404129,1.2916666664999998,0.5909090909090909,5
IND606105AAA,IND606201AAC,0.001996701791476401,1.5,0.5892857142857143,11
IND321001AAA,IND321401AAB,0.000999144497404129,1.2158385090000001,0.5833333333333334,6
IND209304AAA,IND212601AAA,0.001997495393142329,1.475,0.5833333333333334,12
IND147001AAB,IND147201AAA,0.0009999380990700576,1.2774725275,0.5833333333333334,6
IND530012AAA,IND531162AAA,0.001998288994808258,1.531746032,0.5833333333333334,6
IND636016AAA,IND637211AAA,2.3808049977858513e-06,1.4365079365,0.58,10
IND134109AAA,IND160002AAC,0.0009999380990700576,1.2613636365,0.5714285714285714,9
IND614804AAA,IND614616AAA,6.348813327428937e-06,1.269230769,0.5714285714285714,11
IND244235AAA,IND244901AAB,0.017742552445166093,1.3944444445,0.5714285714285714,14
IND363330AAB,IND363310AAB,7.936016659286172e-07,1.7169076749999999,0.5714285714285714,7
IND571430AAA,IND571124AAA,3.1744066637144687e-06,1.2535650619999998,0.5714285714285714,7
IND560099AAB,IND560058AAB,0.0001063426232344347,1.272727273,0.5714285714285714,29
IND816107AAA,IND826004AAA,0.001996701791476401,1.345394737,0.5714285714285714,7
IND131028AAB,IND244235AAA,0.018712333680930865,1.447222222,0.5681818181818182,15
IND683511AAA,IND680012AAA,0.0019959081898104723,1.22875817,0.5666666666666667,6
IND209304AAA,IND211002AAB,0.011075504849699781,1.3390804594999999,0.5634920634920635,14
IND560099AAB,IND560043AAC,0.0001333250798760077,1.266666667,0.5633802816901409,24
IND816109AAA,IND826004AAA,0.002991084678884958,1.301886792,0.5633802816901409,8
IND370201AAA,IND363330AAB,0.000999144497404129,1.333333333,0.5609756097560976,7
IND000000ACB,IND110092AAC,0.0018475046782818207,1.2916666664999998,0.5588235294117647,5
IND560099AAB,IND560048AAB,0.0003237894796988758,1.4450549455,0.5576923076923077,25
IND690548AAA,IND688009AAA,2.3808049977858513e-06,1.222222222,0.5555555555555556,9
IND246424AAA,IND246174AAA,7.936016659286172e-07,1.233333333,0.5555555555555556,10
IND263153AAB,IND263002AAA,0.001996701791476401,1.214285714,0.5555555555555556,10
IND627005AAA,IND628801AAA,1.0316821657072023e-05,1.236111111,0.55,12
IND000000ACB,IND201301AAF,0.010065249928972652,1.264912281,0.55,9
IND000000ACB,IND110095AAB,0.0009999380990700576,1.3541666664999998,0.5473684210526316,26
IND263002AAA,IND263645AAA,0.0009983508957382005,1.2752525255,0.5454545454545454,11
IND000000ACA,IND144514AAA,0.0009983508957382005,1.248717949,0.5416666666666666,12
IND363520AAC,IND363001AAA,2.3808049977858513e-06,1.222222222,0.5416666666666666,8
IND508252AAB,IND508207AAB,0.0004325129079310964,1.2326839825,0.5416666666666666,6
IND160002AAC,IND140901AAA,0.0009975572940722718,1.285714286,0.5405405405405406,15
IND781018AAB,IND781022AAA,0.0009999380990700576,1.5,0.5384615384615384,7
IND695101AAB,IND691574AAA,0.0009983508957382005,1.25,0.5384615384615384,13
IND507123AAA,IND506314AAA,2.3808049977858513e-06,1.2659932660000002,0.53125,8
IND382421AAA,IND382721AAA,7.936016659286172e-07,1.272727273,0.5294117647058824,9
IND360510AAB,IND360530AAB,1.5872033318572343e-06,1.3,0.5238095238095238,8
IND382430AAB,IND384205AAA,0.010903293288193271,1.238095238,0.5102040816326531,13
IND741165AAB,IND742121AAB,0.000996763692406343,1.978395062,0.5,9
IND110037AAM,IND811399AAA,0.0003428359196811626,1.410504202,0.5,7
IND140406AAA,IND140401AAA,2.3808049977858513e-06,1.2916666664999998,0.5,7
IND571438AAB,IND571401AAA,1.5872033318572343e-06,1.2152391544999999,0.5,9
IND000000ACB,IND201007AAA,0.004598921654056337,1.2363636365000001,0.5,9
IND160102AAD,IND160002AAC,0.001998288994808258,1.6,0.5,6
IND802119AAA,IND802158AAB,0.000999144497404129,1.21875,0.5,12
IND244901AAB,IND244301AAA,0.000999144497404129,1.2153846155,0.5,7
IND623704AAA,IND626607AAB,0.00012062745322114981,1.2153846155,0.5,7
IND673305AAA,IND673104AAA,2.3808049977858513e-06,1.2272727275,0.5,10
IND160002AAC,IND174307AAA,0.000999144497404129,1.212903226,0.5,13
IND723133AAA,IND723130AAA,7.936016659286172e-06,1.2184684685,0.5,12
